Termo ou ExpressÃ£o,Uso,Contexto,Grau de Ofensividade,Fonte
deputag,@alesilva_38 NÃ£o seria uma deputag transtiktok?,Ã‰ usado como ofensa LGBTQfÃ³bica,Insulto,Mapa da ViolÃªncia PolÃ­tica de GÃªnero
transtiktok,@alesilva_38 NÃ£o seria uma deputag transtiktok?,Ã‰ usado como ofensa LGBTQfÃ³bica,Insulto,Mapa da ViolÃªncia PolÃ­tica de GÃªnero
estude,"@andrade_laide @JAMD82762518 @SimoneTebetms Mu para vc querida, estude e nÃ£o passe vergonha na webâ€¦",Ã‰ usado para desqualificar o alvo,InvalidaÃ§Ã£o,Mapa da ViolÃªncia PolÃ­tica de GÃªnero
Mu,"@andrade_laide @JAMD82762518 @SimoneTebetms Mu para vc querida, estude e nÃ£o passe vergonha na webâ€¦",Ã‰ usado para estigmatizar e desumanizar o alvo,Insulto,Mapa da ViolÃªncia PolÃ­tica de GÃªnero
nÃ£o passe vergonha,"@andrade_laide @JAMD82762518 @SimoneTebetms Mu para vc querida, estude e nÃ£o passe vergonha na webâ€¦",Ã‰ usado para expressÃ£o descontentamento com as atitudes do alvo,InvalidaÃ§Ã£o,Mapa da ViolÃªncia PolÃ­tica de GÃªnero
mocinha,@Biakicis @CNNBrasil @JovemPanNews Essa mocinha vibra com noticias ruins como se tivesse tendo orgasmos!!!! Ela nao Ã© normalâ€¦.,Ã‰ usado para desqualificar o alvo,InvalidaÃ§Ã£o,Mapa da ViolÃªncia PolÃ­tica de GÃªnero
tem orgasmos/ ter orgasmos/ tendo orgasmos,@Biakicis @CNNBrasil @JovemPanNews Essa mocinha vibra com noticias ruins como se tivesse tendo orgasmos!!!! Ela nao Ã© normalâ€¦.,Ã‰ usado para sexualizar o alvo,Insulto,Mapa da ViolÃªncia PolÃ­tica de GÃªnero
baixa cogniÃ§Ã£o,"@Biakicis @LRobertoBarroso VocÃª nÃ£o sabe a diferenÃ§a entre uma substÃ¢ncia que sÃ³ afeta o organismo de quem usa e uma vacina que previne a disseminaÃ§Ã£o de uma doenÃ§a? De boa, essa baixa cogniÃ§Ã£o Ã© doenÃ§a degenerativa ou sequela de acidente?",Ã‰ usado para desqualificar o alvo,InvalidaÃ§Ã£o,Mapa da ViolÃªncia PolÃ­tica de GÃªnero
nÃ£o sabe a diferenÃ§a entre (.*) e (.*),"@Biakicis @LRobertoBarroso VocÃª nÃ£o sabe a diferenÃ§a entre uma substÃ¢ncia que sÃ³ afeta o organismo de quem usa e uma vacina que previne a disseminaÃ§Ã£o de uma doenÃ§a? De boa, essa baixa cogniÃ§Ã£o Ã© doenÃ§a degenerativa ou sequela de acidente?",Ã‰ usado para desqualificar o alvo,InvalidaÃ§Ã£o,Mapa da ViolÃªncia PolÃ­tica de GÃªnero
(.*) asneiras ,"@Biakicis @VEJA Sua velha FDP @Biakicis  quando Ã© parte da oposiÃ§Ã£o vc abre essa tua boca de sepulcro pra vomitar asneiras, mas quando Ã© o teu MICto e a FAMILICIA vc fica quietinha nÃ©. VÃ¡ pra PQP!!!",Insinua que o alvo fala bobeiras,InvalidaÃ§Ã£o,Mapa da ViolÃªncia PolÃ­tica de GÃªnero
boca de sepulcro,"@Biakicis @VEJA Sua velha FDP @Biakicis  quando Ã© parte da oposiÃ§Ã£o vc abre essa tua boca de sepulcro pra vomitar asneiras, mas quando Ã© o teu MICto e a FAMILICIA vc fica quietinha nÃ©. VÃ¡ pra PQP!!!",Insinua que o alvo fala bobeiras,Insulto,Mapa da ViolÃªncia PolÃ­tica de GÃªnero
fdp/ filha da puta,"@Biakicis @VEJA Sua velha FDP @Biakicis  quando Ã© parte da oposiÃ§Ã£o vc abre essa tua boca de sepulcro pra vomitar asneiras, mas quando Ã© o teu MICto e a FAMILICIA vc fica quietinha nÃ©. VÃ¡ pra PQP!!!",Xingamento direto contra o alvo,Insulto,Mapa da ViolÃªncia PolÃ­tica de GÃªnero
VÃ¡ pra pqp / Vai pra pqp / vai pra puta que pariu / vai pra puta que te pariu,"@Biakicis @VEJA Sua velha FDP @Biakicis  quando Ã© parte da oposiÃ§Ã£o vc abre essa tua boca de sepulcro pra vomitar asneiras, mas quando Ã© o teu MICto e a FAMILICIA vc fica quietinha nÃ©. VÃ¡ pra PQP!!!",Xingamento direto contra o alvo,Insulto,Mapa da ViolÃªncia PolÃ­tica de GÃªnero
velha,"@Biakicis @VEJA Sua velha FDP @Biakicis  quando Ã© parte da oposiÃ§Ã£o vc abre essa tua boca de sepulcro pra vomitar asneiras, mas quando Ã© o teu MICto e a FAMILICIA vc fica quietinha nÃ©. VÃ¡ pra PQP!!!",Utiliza a idade para ofender o alvo,Insulto,Mapa da ViolÃªncia PolÃ­tica de GÃªnero
vomita (.*) / vomitar (.*),"@Biakicis @VEJA Sua velha FDP @Biakicis  quando Ã© parte da oposiÃ§Ã£o vc abre essa tua boca de sepulcro pra vomitar asneiras, mas quando Ã© o teu MICto e a FAMILICIA vc fica quietinha nÃ©. VÃ¡ pra PQP!!!",Insinua que o alvo fala bobeiras,InvalidaÃ§Ã£o,Mapa da ViolÃªncia PolÃ­tica de GÃªnero
mulherzinha,@Biakicis @WRosarioCGU Essa mulherzinha sabe ser sÃ³rdida. ğŸ¤®ğŸ¤®,Ã‰ usado para desqualificar o alvo,Insulto,Mapa da ViolÃªncia PolÃ­tica de GÃªnero
sÃ³rdida,@Biakicis @WRosarioCGU Essa mulherzinha sabe ser sÃ³rdida. ğŸ¤®ğŸ¤®,Questiona a moral do alvo,Insulto,Mapa da ViolÃªncia PolÃ­tica de GÃªnero
pÃ©ssima Ã­ndole,"@Biakicis Ã‰ medo de ser confundido com a sua laia bolsonarista! Quem utiliza mÃ¡scara em locais pÃºblicos e ao ar livre tem a sensatez que vc, pessoa de pÃ©ssima Ã­ndole, nao tem!!",Questiona a moral do alvo,Insulto,Mapa da ViolÃªncia PolÃ­tica de GÃªnero
sua laia,"@Biakicis Ã‰ medo de ser confundido com a sua laia bolsonarista! Quem utiliza mÃ¡scara em locais pÃºblicos e ao ar livre tem a sensatez que vc, pessoa de pÃ©ssima Ã­ndole, nao tem!!",Ã‰ usado para desqualificar o alvo,Insulto,Mapa da ViolÃªncia PolÃ­tica de GÃªnero
isso jÃ¡ Ã© feio em (.*) imagina em (.*),"@CarlaZambelli38 @COP26 NÃ£o tendo nada pra falar de positivo do  Presidente Bolsonaro, sai falando mal de qualquer um. Isso jÃ¡ e feio em crianÃ§as. Imagina em adulto.",Ã‰ usado para expressÃ£o descontentamento com as atitudes do alvo,InvalidaÃ§Ã£o,Mapa da ViolÃªncia PolÃ­tica de GÃªnero
voltar pra lata de lixo/ voltar pro lixo,"@CarlaZambelli38 @DamaresAlves ğŸ¤£ğŸ¤£ğŸ¤£ğŸ¤£ Cada dia que passa, mais o desespero de vocÃªs aumenta. A extrema direita, foi apenas um delÃ­rio coletivo que, infelizmente no Brasil levou mais de 600 mil vidas. VocÃªs vÃ£o voltar pra lata de lixo. Ps. VÃª logo se o femen ainda te aceita.",Ã‰ usado para desqualificar o alvo,Insulto,Mapa da ViolÃªncia PolÃ­tica de GÃªnero
canalhas,"@CarlaZambelli38 @LRobertoBarroso Tanta coisa pra vcs se preocuparem, seus canalhasğŸ˜¡ https://t.co/gysYmXgo7P",Questiona a moral do alvo,Insulto,Mapa da ViolÃªncia PolÃ­tica de GÃªnero
pq vcs nÃ£o vÃ£o (.*),"@CarlaZambelli38 @MajorVitorHugo Meu Deus pq vcs nÃ£o vÃ£o trabalhar,um dia so trabalhe para o povo ,para o pobre para o trabalhador,impressionante como esses deputados ficam 365 dias no ano atras de Bolsonaro e nÃ£o trabalham!",Ã‰ usado para indicar que farÃ¡/deseja fazer/deseja que aconteÃ§a algo contra o alvo,CrÃ­tica,Mapa da ViolÃªncia PolÃ­tica de GÃªnero
vÃ£o trabalhar/ vai trabalhar,"@CarlaZambelli38 @MajorVitorHugo Meu Deus pq vcs nÃ£o vÃ£o trabalhar,um dia so trabalhe para o povo ,para o pobre para o trabalhador,impressionante como esses deputados ficam 365 dias no ano atras de Bolsonaro e nÃ£o trabalham!",Insinua que o alvo Ã© desimportante,CrÃ­tica,Mapa da ViolÃªncia PolÃ­tica de GÃªnero
ridÃ­culas,@CarlaZambelli38 @taoquei1 Duas ridÃ­culas!!,Xingamento direto contra o alvo,Insulto,Mapa da ViolÃªncia PolÃ­tica de GÃªnero
arregou/arregona,"@CarlaZambelli38 Carlinha... Arregou? O Presida ""deu pra trÃ¡s""? O BOZO ""deu rÃ© no kibe""? Kkkkkkkkkkk... Chora mais, Carlinha!",Questiona a coragem do alvo,Insulto,Mapa da ViolÃªncia PolÃ­tica de GÃªnero
chora,"@CarlaZambelli38 Carlinha... Arregou? O Presida ""deu pra trÃ¡s""? O BOZO ""deu rÃ© no kibe""? Kkkkkkkkkkk... Chora mais, Carlinha!",Utiliza o sarcasmo para debochar de uma situaÃ§Ã£o na qual o alvo estaria insatisfeito,InvalidaÃ§Ã£o,Mapa da ViolÃªncia PolÃ­tica de GÃªnero
deu rÃ© no kibe,"@CarlaZambelli38 Carlinha... Arregou? O Presida ""deu pra trÃ¡s""? O BOZO ""deu rÃ© no kibe""? Kkkkkkkkkkk... Chora mais, Carlinha!",Faz referÃªncia a uma posiÃ§Ã£o sexual,Insulto,Mapa da ViolÃªncia PolÃ­tica de GÃªnero
Toma vergonha,@CarlaZambelli38 Conseguiram o que queriam forÃ§ar o voto impresso a ir a plenario mesmo derrotado por 23 a 11 e agora sofreram mais uma derrota e nÃ£o se conformam! Mal perdedores Ã© pouco! Falam tanto de democracia e nÃ£o aceitam a escolha democrÃ¡tica! Toma vergonha Carlinha!,Indica que o alvo nÃ£o deve se manifestar ou tecer opiniÃµes,InvalidaÃ§Ã£o,Mapa da ViolÃªncia PolÃ­tica de GÃªnero
estÃ¡ delirando/ tÃ¡ delirando,@CarlaZambelli38 Essa velha esqueceu de tomar o Ã´mega 3 ta delirando aqui no Twitter,Questiona a sanidade do alvo,InvalidaÃ§Ã£o,Mapa da ViolÃªncia PolÃ­tica de GÃªnero
velha,@CarlaZambelli38 Essa velha esqueceu de tomar o Ã´mega 3 ta delirando aqui no Twitter,Utiliza a idade para ofender o alvo,InvalidaÃ§Ã£o,Mapa da ViolÃªncia PolÃ­tica de GÃªnero
frouxura/frouxa,@CarlaZambelli38 FROUXURA do Planalto. AtÃ© quando??? ğŸ˜¡ğŸ˜¡ğŸ˜¡ğŸ‡§ğŸ‡·ğŸ˜ğŸ‘‰ğŸ‘‰,Questiona a coragem do alvo,Insulto,Mapa da ViolÃªncia PolÃ­tica de GÃªnero
Inveja mata,@CarlaZambelli38 Quando vivemos no banheiro nunca saÃ­mos dele. Inveja mata!!!!,Questiona a moral do alvo,InvalidaÃ§Ã£o,Mapa da ViolÃªncia PolÃ­tica de GÃªnero
loka,@CarlaZambelli38 Sai dae loka,Questiona a sanidade do alvo,InvalidaÃ§Ã£o,Mapa da ViolÃªncia PolÃ­tica de GÃªnero
sai daÃ­/sai dae,@CarlaZambelli38 Sai dae loka,Indica que o alvo nÃ£o deve se manifestar ou tecer opiniÃµes,InvalidaÃ§Ã£o,Mapa da ViolÃªncia PolÃ­tica de GÃªnero
vai ser trancada/vÃ£o ser trancados,@CarlaZambelli38 VÃ£o ser trancados juntinhos pra parar de ameaÃ§ar e insuflar o gado golpista.,Insinua uma aÃ§Ã£o violenta contra o alvo,AmeaÃ§a,Mapa da ViolÃªncia PolÃ­tica de GÃªnero
asco/axco,"@CarolDeToni Essa mulher me dÃ¡ Axco, fico me perguntando que tipo de gente Vota nessa EscÃ³ria",Manifesta sentimentos de nojo contra o alvo,Insulto,Mapa da ViolÃªncia PolÃ­tica de GÃªnero
escÃ³ria,"@CarolDeToni Essa mulher me dÃ¡ Axco, fico me perguntando que tipo de gente Vota nessa EscÃ³ria",Xingamento direto contra o alvo,Insulto,Mapa da ViolÃªncia PolÃ­tica de GÃªnero
essa mulher me dÃ¡ (.*),"@CarolDeToni Essa mulher me dÃ¡ Axco, fico me perguntando que tipo de gente Vota nessa EscÃ³ria",Manifesta sentimentos de nojo contra o alvo,Insulto,Mapa da ViolÃªncia PolÃ­tica de GÃªnero
quem vota nessa (.*),"@CarolDeToni Essa mulher me dÃ¡ Axco, fico me perguntando que tipo de gente Vota nessa EscÃ³ria",Ã‰ usado para desqualificar o alvo,InvalidaÃ§Ã£o,Mapa da ViolÃªncia PolÃ­tica de GÃªnero
SerÃ¡ demitida,@deppimentel SerÃ¡ demitida em 2022. NinguÃ©m esquece traiÃ§Ã£o.,Ã‰ usado para indicar que farÃ¡/deseja fazer/deseja que aconteÃ§a algo contra o alvo,AmeaÃ§a,Mapa da ViolÃªncia PolÃ­tica de GÃªnero
(.*) calada,@Drago2787 @taoquei1 @SimoneTebetms Essa senhora perde a chance de permanecer calada sempre. Inoportuna!,Indica que o alvo nÃ£o deve se manifestar ou tecer opiniÃµes,InvalidaÃ§Ã£o,Mapa da ViolÃªncia PolÃ­tica de GÃªnero
inoportuna,@Drago2787 @taoquei1 @SimoneTebetms Essa senhora perde a chance de permanecer calada sempre. Inoportuna!,Ã‰ usado para desqualificar o alvo,CrÃ­tica,Mapa da ViolÃªncia PolÃ­tica de GÃªnero
perde a chance de (.*),@Drago2787 @taoquei1 @SimoneTebetms Essa senhora perde a chance de permanecer calada sempre. Inoportuna!,Indica que o alvo nÃ£o deve se manifestar ou tecer opiniÃµes,InvalidaÃ§Ã£o,Mapa da ViolÃªncia PolÃ­tica de GÃªnero
mÃ¡ intenÃ§Ã£o/ mÃ¡ intencionada,@elizianegama @rpsenador Ou vc Ã© tapada ou de mÃ¡ intenÃ§Ã£o. Escolhe.,Questiona a moral do alvo,CrÃ­tica,Mapa da ViolÃªncia PolÃ­tica de GÃªnero
tapada,@elizianegama @rpsenador Ou vc Ã© tapada ou de mÃ¡ intenÃ§Ã£o. Escolhe.,Ã‰ usado para desqualificar o alvo,InvalidaÃ§Ã£o,Mapa da ViolÃªncia PolÃ­tica de GÃªnero
ğŸ¤¡,@elizianegama ğŸ¤¡ğŸ¤¡ğŸ¤¡ğŸ¤¡ğŸ¤¡ğŸ¤¡palhaÃ§a!!!!,Ã‰ usado para desqualificar o alvo,InvalidaÃ§Ã£o,Mapa da ViolÃªncia PolÃ­tica de GÃªnero
palhaÃ§a,@elizianegama ğŸ¤¡ğŸ¤¡ğŸ¤¡ğŸ¤¡ğŸ¤¡ğŸ¤¡palhaÃ§a!!!!,Ã‰ usado para desqualificar o alvo,InvalidaÃ§Ã£o,Mapa da ViolÃªncia PolÃ­tica de GÃªnero
Zzzzzzz,@elizianegama ZZZZZZZZZZZZZZZZZZZZ,Ã‰ usado para desqualificar o alvo,InvalidaÃ§Ã£o,Mapa da ViolÃªncia PolÃ­tica de GÃªnero
imunda,@erikakokay Arrepender de q lixo imunda,Questiona a moral do alvo,Insulto,Mapa da ViolÃªncia PolÃ­tica de GÃªnero
lixo,@erikakokay Arrepender de q lixo imunda,Ã‰ usado para estigmatizar e desumanizar o alvo,Insulto,Mapa da ViolÃªncia PolÃ­tica de GÃªnero
cala sua latrina,"@erikakokay Fala besteira nÃ£o. Pede para seu rato, Luladrao da uma voltinha nas ruas do Brasil. Seu carniÃ§a @LulaOficial sequer tem coragem de ir em uma praia sozinho. Cala sua latrina.",Indica que o alvo nÃ£o deve se manifestar ou tecer opiniÃµes,Insulto,Mapa da ViolÃªncia PolÃ­tica de GÃªnero
fala besteira,"@erikakokay Fala besteira nÃ£o. Pede para seu rato, Luladrao da uma voltinha nas ruas do Brasil. Seu carniÃ§a @LulaOficial sequer tem coragem de ir em uma praia sozinho. Cala sua latrina.",Insinua que o alvo fala bobeiras,InvalidaÃ§Ã£o,Mapa da ViolÃªncia PolÃ­tica de GÃªnero
falando M / falar M / fala M,"@erikakokay Fia, com certeza vc nÃ£o estÃ¡ pura. SÃ³ tÃ¡ falando M....., viaja nÃ£o!!! Kkkk",Insinua que o alvo fala bobeiras,InvalidaÃ§Ã£o,Mapa da ViolÃªncia PolÃ­tica de GÃªnero
nÃ£o estÃ¡ pura,"@erikakokay Fia, com certeza vc nÃ£o estÃ¡ pura. SÃ³ tÃ¡ falando M....., viaja nÃ£o!!! Kkkk",Questiona a sanidade do alvo,InvalidaÃ§Ã£o,Mapa da ViolÃªncia PolÃ­tica de GÃªnero
viaja nÃ£o,"@erikakokay Fia, com certeza vc nÃ£o estÃ¡ pura. SÃ³ tÃ¡ falando M....., viaja nÃ£o!!! Kkkk",Ã‰ usado para desqualificar o alvo,InvalidaÃ§Ã£o,Mapa da ViolÃªncia PolÃ­tica de GÃªnero
feia,@erikakokay Nem a senhora acredita nisto que escreveu .Sapateia mulher feia .,Faz referÃªncia Ã  aparÃªncia do alvo,Insulto,Mapa da ViolÃªncia PolÃ­tica de GÃªnero
nem (.*) acredita em (.*),@erikakokay Nem a senhora acredita nisto que escreveu .Sapateia mulher feia .,Ã‰ usado para desqualificar o alvo,InvalidaÃ§Ã£o,Mapa da ViolÃªncia PolÃ­tica de GÃªnero
sapateia,@erikakokay Nem a senhora acredita nisto que escreveu .Sapateia mulher feia .,Ã‰ usado como ofensa LGBTQfÃ³bica,Insulto,Mapa da ViolÃªncia PolÃ­tica de GÃªnero
maluca,@erikakokay Quem Ã© essa velha? Como isso apareceu pra mim aqui na minha Tl? Esse povo do PT deveria aposentar ou ir jogar xadrez... cada velho mais maluco que outro,Questiona a sanidade do alvo,InvalidaÃ§Ã£o,Mapa da ViolÃªncia PolÃ­tica de GÃªnero
velha,@erikakokay Quem Ã© essa velha? Como isso apareceu pra mim aqui na minha Tl? Esse povo do PT deveria aposentar ou ir jogar xadrez... cada velho mais maluco que outro,Utiliza a idade para ofender o alvo,InvalidaÃ§Ã£o,Mapa da ViolÃªncia PolÃ­tica de GÃªnero
posta merda/postando merda,@erikakokay Todo dia posta uma merda na Internet...,Insinua que o alvo fala bobeiras,InvalidaÃ§Ã£o,Mapa da ViolÃªncia PolÃ­tica de GÃªnero
louca,@fabifbbr @SorayaThronicke Eu sou bloqueado por essa louca da senadora! Traidora!!,Questiona a sanidade do alvo,InvalidaÃ§Ã£o,Mapa da ViolÃªncia PolÃ­tica de GÃªnero
traidora,@fabifbbr @SorayaThronicke Eu sou bloqueado por essa louca da senadora! Traidora!!,Questiona a moral do alvo,Insulto,Mapa da ViolÃªncia PolÃ­tica de GÃªnero
chore,@fernandapsol Chore mais. #Bolsonaro2022,Utiliza o sarcasmo para debochar de uma situaÃ§Ã£o na qual o alvo estaria insatisfeito,InvalidaÃ§Ã£o,Mapa da ViolÃªncia PolÃ­tica de GÃªnero
burra ,"@gleisi Ã‰ muito burra mesmo, tem@q ser de esquerda mesmo",Ã‰ usado para desqualificar o alvo,InvalidaÃ§Ã£o,Mapa da ViolÃªncia PolÃ­tica de GÃªnero
tem que ser (.)*/ tinha que ser (.*),"@gleisi Ã‰ muito burra mesmo, tem@q ser de esquerda mesmo",Ã‰ usado para desqualificar o alvo,Insulto,Mapa da ViolÃªncia PolÃ­tica de GÃªnero
amante,"@gleisi Soa bem estranho alguÃ©m do #PtOrganizacaoCriminosa falar em liberdade de imprensa, pois nÃ£o Ã© o #LulaLadrao que diz que vai regulamentar a mÃ­dia, se eleito. #AmanteNaPlanilhaDaOdebretch",Ã‰ usado para sexualizar o alvo,Insulto,Mapa da ViolÃªncia PolÃ­tica de GÃªnero
(.*) nÃ£o tem capacidade,@humbertocoutinh @mariadorosario NÃ£o tenho culpa se vocÃª nÃ£o tem capacidade de entender. AliÃ¡s nÃ£o contei nenhuma piada pra vocÃª estÃ¡ rindo. Quantos anos vocÃª tem ? ğŸ¤”,Ã‰ usado para desqualificar o alvo,InvalidaÃ§Ã£o,Mapa da ViolÃªncia PolÃ­tica de GÃªnero
volta pra (.*),@jandira_feghali Bora voltar pra escola e aprender a construir frases e oraÃ§Ãµes. Fica difÃ­cil atÃ© fazer crÃ­tica com uma desconstruÃ§Ã£o dessas. Taokey,Ã‰ usado para indicar que farÃ¡/deseja fazer/deseja que aconteÃ§a algo contra o alvo,InvalidaÃ§Ã£o,Mapa da ViolÃªncia PolÃ­tica de GÃªnero
cala a boca,@jandira_feghali Cala a boca dragÃ£o,Indica que o alvo nÃ£o deve se manifestar ou tecer opiniÃµes,InvalidaÃ§Ã£o,Mapa da ViolÃªncia PolÃ­tica de GÃªnero
dragÃ£o,@jandira_feghali Cala a boca dragÃ£o,Faz referÃªncia Ã  aparÃªncia do alvo,Insulto,Mapa da ViolÃªncia PolÃ­tica de GÃªnero
falou aquela que (.*),"@jandira_feghali Falou aquela, que comemora atÃ© hoje a soltura do maior e eterno ladrÃ£o do Brasil, condenado a quase 30 anos de cadeia hahahahaha",Ã‰ usado para desqualificar o alvo,InvalidaÃ§Ã£o,Mapa da ViolÃªncia PolÃ­tica de GÃªnero
vÃ¡ te catar/ vai te catar/ vÃ¡ se catar/vai se catar,@jandira_feghali Ha vÃ¡ te catar... vÃ¡  procurar o que fazer e pare de tentar atrasar o desenvolvimento do pais .,Xingamento direto contra o alvo,InvalidaÃ§Ã£o,Mapa da ViolÃªncia PolÃ­tica de GÃªnero
vai procurar o que fazer/ vÃ¡ procurar o que fazer,@jandira_feghali Ha vÃ¡ te catar... vÃ¡  procurar o que fazer e pare de tentar atrasar o desenvolvimento do pais .,Insinua que o alvo Ã© desimportante,InvalidaÃ§Ã£o,Mapa da ViolÃªncia PolÃ­tica de GÃªnero
mentirosa,@jandira_feghali Isso Ã© feito todo ano. Sua mentirosa.,Ã‰ usado para desqualificar o alvo,Insulto,Mapa da ViolÃªncia PolÃ­tica de GÃªnero
jandragÃ£o,"@jandira_feghali JandragÃ£o, depois que descobrimos o crime de prevaricaÃ§Ã£o dos Ministros do STF quanto Ã  inviolabilidade das urnas, parece que teremos nÃ£o sÃ³ o voto auditÃ¡vel, mas tambÃ©m uma CPI do TSE.",Faz referÃªncia Ã  aparÃªncia do alvo,Insulto,Mapa da ViolÃªncia PolÃ­tica de GÃªnero
nem pra (.*) serve,@jandira_feghali Tem que tirar sangue sugas como vocÃª ! Nem para reciclar serve .,Ã‰ usado para desqualificar o alvo,InvalidaÃ§Ã£o,Mapa da ViolÃªncia PolÃ­tica de GÃªnero
sangue suga ,@jandira_feghali Tem que tirar sangue sugas como vocÃª ! Nem para reciclar serve .,Questiona a moral do alvo,Insulto,Mapa da ViolÃªncia PolÃ­tica de GÃªnero
nÃ£o se elege nem pra (.*),"@joicehasselmann @jairbolsonaro @mfriasoficial Pepa querida, vocÃª nÃ£o se elege mais nem pra sÃ­ndica de prÃ©dio. Para de portar besteira!!!",Ã‰ usado para desqualificar o alvo,InvalidaÃ§Ã£o,Mapa da ViolÃªncia PolÃ­tica de GÃªnero
Pepa,"@joicehasselmann @jairbolsonaro @mfriasoficial Pepa querida, vocÃª nÃ£o se elege mais nem pra sÃ­ndica de prÃ©dio. Para de portar besteira!!!",Faz referÃªncia Ã  aparÃªncia do alvo,Insulto,Mapa da ViolÃªncia PolÃ­tica de GÃªnero
gado,@joicehasselmann @jairbolsonaro E vc gado que tÃ¡ pagando.ğŸ˜‚,Ã‰ usado para desqualificar o alvo,Insulto,Mapa da ViolÃªncia PolÃ­tica de GÃªnero
(.*) vai pagar por (.*),"@joicehasselmann @Raul_Jungmann TÃ¡ sentindo a pressÃ£o Pepa!? Tu vai pagar por perseguir os justos, por escolher o lado errado, por trair o paÃ­s e quem votou em vocÃª, sua traÃ­ra! #Dia07VaiSerGIGANTE https://t.co/Yanz0yTT4c",Ã‰ usado para indicar que farÃ¡/deseja fazer/deseja que aconteÃ§a algo contra o alvo,AmeaÃ§a,Mapa da ViolÃªncia PolÃ­tica de GÃªnero
nÃ£o ganha nem pra (.*),@joicehasselmann NÃ£o ganha nem pra sÃ­ndica ğŸ˜‚ğŸ˜‚. Eai jÃ¡ descobriu quem te deu aquele cassete que dizia nÃ£o se lembrar ?,Ã‰ usado para desqualificar o alvo,InvalidaÃ§Ã£o,Mapa da ViolÃªncia PolÃ­tica de GÃªnero
O (.*) nÃ£o tinha te (.*),"@joicehasselmann NÃ£o lembro de vc falar algo sobre isso , esqueci,o Bolsonaro ainda nÃ£o tinha te ajudado a entrar na polÃ­tica. https://t.co/GUAqyEyzml","Insinua que o alvo sÃ³ conseguiu algo devido a um terceiro, geralmente homem.",InvalidaÃ§Ã£o,Mapa da ViolÃªncia PolÃ­tica de GÃªnero
traÃ­ra,@joicehasselmann Traira,Questiona a moral do alvo,Insulto,Mapa da ViolÃªncia PolÃ­tica de GÃªnero
(.*) estÃ¡ na aba do (.*),"@joicehasselmann Vc em 2018, ğŸ„â€â™€ï¸ na aba do capitÃ£o, 1.0078,00. 2020, sÃ³ vc mesmo, 100.000. Vc sem o capitÃ£o nÃ£o Ã© nada! SerÃ¡ que em 2022, vc vai ter mais de 10.000 votos, para deputada estadual","Insinua que o alvo sÃ³ conseguiu algo devido a um terceiro, geralmente homem.",InvalidaÃ§Ã£o,Mapa da ViolÃªncia PolÃ­tica de GÃªnero
(.*) sem (.*) nÃ£o Ã© nada,"@joicehasselmann Vc em 2018, ğŸ„â€â™€ï¸ na aba do capitÃ£o, 1.0078,00. 2020, sÃ³ vc mesmo, 100.000. Vc sem o capitÃ£o nÃ£o Ã© nada! SerÃ¡ que em 2022, vc vai ter mais de 10.000 votos, para deputada estadual","Insinua que o alvo sÃ³ conseguiu algo devido a um terceiro, geralmente homem.",InvalidaÃ§Ã£o,Mapa da ViolÃªncia PolÃ­tica de GÃªnero
(.*) Ã© uma decepÃ§Ã£o,@JoseMedeirosMT @SimoneTebetms Ã© uma decepÃ§Ã£o.Uma pena...preferiu aderir a turma da gritaria.,Ã‰ usado para expressÃ£o descontentamento com as atitudes do alvo,CrÃ­tica,Mapa da ViolÃªncia PolÃ­tica de GÃªnero
(.*) Ã© a maior decepÃ§Ã£o,@leiladovolei A Sra. EstÃ¡ sendo a maior decepÃ§Ã£o ao cargo que hoje ocupa.  Sua militÃ¢ncia Ã© vergonha para quem votou Ã© acreditou que aquela menina que defendia as cores da camisa iria fazer na polÃ­tica a mesma coisa.,Ã‰ usado para expressÃ£o descontentamento com as atitudes do alvo,CrÃ­tica,Mapa da ViolÃªncia PolÃ­tica de GÃªnero
desgraÃ§ada,@lsentoes1 Eu votei na desgracada da @sorayathronicke olha o q virou akilo! Maldita!,Questiona a moral do alvo,Insulto,Mapa da ViolÃªncia PolÃ­tica de GÃªnero
maldita,@lsentoes1 Eu votei na desgracada da @sorayathronicke olha o q virou akilo! Maldita!,Xingamento direto contra o alvo,Insulto,Mapa da ViolÃªncia PolÃ­tica de GÃªnero
falta do que fazer,"@ManuelaDavila @samiabomfim Olha o que a falta do que fazer faz nas pessoas. A mulher estÃ¡ de licenÃ§a maternidade, ou seja, estÃ¡ com seu filho e NÃƒO estÃ¡ trabalhando. Assim, nÃ£o pode ser colocado como ""ausente"" nas votaÃ§Ãµes? SÃ©rio, tÃ¡ faltando trabalho aÃ­ para se ocupar?",Insinua que o alvo Ã© desimportante,InvalidaÃ§Ã£o,Mapa da ViolÃªncia PolÃ­tica de GÃªnero
tÃ¡ faltando (.*),"@ManuelaDavila @samiabomfim Olha o que a falta do que fazer faz nas pessoas. A mulher estÃ¡ de licenÃ§a maternidade, ou seja, estÃ¡ com seu filho e NÃƒO estÃ¡ trabalhando. Assim, nÃ£o pode ser colocado como ""ausente"" nas votaÃ§Ãµes? SÃ©rio, tÃ¡ faltando trabalho aÃ­ para se ocupar?",Ã‰ usado para desqualificar o alvo,InvalidaÃ§Ã£o,Mapa da ViolÃªncia PolÃ­tica de GÃªnero
gado-petista,@MaraMar27888159 @DaniTsu2 @g1 @Biakicis ğŸ˜‚ğŸ˜‚ğŸ˜‚ğŸ˜‚ğŸ˜‚ğŸ˜‚ğŸ˜‚ğŸ˜‚ğŸ˜‚ğŸ˜‚ğŸ˜‚ğŸ˜‚ğŸ˜‚ JUMENTO IDOLÃTRA DE BANDIDO GADO-PETISTA: https://t.co/GR6OOpv4ti,Ã‰ usado para desqualificar o alvo,Insulto,Mapa da ViolÃªncia PolÃ­tica de GÃªnero
idÃ³latra de (.*),@MaraMar27888159 @DaniTsu2 @g1 @Biakicis ğŸ˜‚ğŸ˜‚ğŸ˜‚ğŸ˜‚ğŸ˜‚ğŸ˜‚ğŸ˜‚ğŸ˜‚ğŸ˜‚ğŸ˜‚ğŸ˜‚ğŸ˜‚ğŸ˜‚ JUMENTO IDOLÃTRA DE BANDIDO GADO-PETISTA: https://t.co/GR6OOpv4ti,"Insinua que o alvo sÃ³ conseguiu algo devido a um terceiro, geralmente homem.",CrÃ­tica,Mapa da ViolÃªncia PolÃ­tica de GÃªnero
jumento,@MaraMar27888159 @DaniTsu2 @g1 @Biakicis ğŸ˜‚ğŸ˜‚ğŸ˜‚ğŸ˜‚ğŸ˜‚ğŸ˜‚ğŸ˜‚ğŸ˜‚ğŸ˜‚ğŸ˜‚ğŸ˜‚ğŸ˜‚ğŸ˜‚ JUMENTO IDOLÃTRA DE BANDIDO GADO-PETISTA: https://t.co/GR6OOpv4ti,Ã‰ usado para desqualificar o alvo,InvalidaÃ§Ã£o,Mapa da ViolÃªncia PolÃ­tica de GÃªnero
Peppa,"@Marcosnegrada @joicehasselmann @jairbolsonaro @mfriasoficial NÃ£o importa Peppa Ã© Peppa, mulher sem palavra e credibilidade.",Faz referÃªncia Ã  aparÃªncia do alvo,Insulto,Mapa da ViolÃªncia PolÃ­tica de GÃªnero
sem credibilidade,"@Marcosnegrada @joicehasselmann @jairbolsonaro @mfriasoficial NÃ£o importa Peppa Ã© Peppa, mulher sem palavra e credibilidade.",Ã‰ usado para desqualificar o alvo,CrÃ­tica,Mapa da ViolÃªncia PolÃ­tica de GÃªnero
sem palavra,"@Marcosnegrada @joicehasselmann @jairbolsonaro @mfriasoficial NÃ£o importa Peppa Ã© Peppa, mulher sem palavra e credibilidade.",Questiona a moral do alvo,CrÃ­tica,Mapa da ViolÃªncia PolÃ­tica de GÃªnero
louca,@mariadorosario VÃ¡ a merda sua mentirosa o PT roubou e muito louca,Questiona a sanidade do alvo,InvalidaÃ§Ã£o,Mapa da ViolÃªncia PolÃ­tica de GÃªnero
mentirosa,@mariadorosario VÃ¡ a merda sua mentirosa o PT roubou e muito louca,Ã‰ usado para desqualificar o alvo,InvalidaÃ§Ã£o,Mapa da ViolÃªncia PolÃ­tica de GÃªnero
VÃ¡ a merda/ Vai a merda,@mariadorosario VÃ¡ a merda sua mentirosa o PT roubou e muito louca,Xingamento direto contra o alvo,Insulto,Mapa da ViolÃªncia PolÃ­tica de GÃªnero
vergonha Ã© a sua (.*),@MrciaSa07810896 @CarlaZambelli38 Vergonha Ã© essa sua sobrancelha desenhada com pincel atÃ´mico,Ã‰ usado para expressÃ£o descontentamento com as atitudes do alvo,Insulto,Mapa da ViolÃªncia PolÃ­tica de GÃªnero
inÃºtil,@opropriocover @CarlaZambelli38 @GWagnerA @davialcolumbre Mas esse paÃ­s Ã© tÃ£o f0d1d0 que essa inÃºtil vai sim ser reeleita.,Insinua que o alvo Ã© desimportante,InvalidaÃ§Ã£o,Mapa da ViolÃªncia PolÃ­tica de GÃªnero
(.*) vai enterrar (.*),@RonanBotelho @PSDBoficial @joicehasselmann Por isso mesmo ela tÃ¡ no lugar certo kkkkkkk vai enterrar de vez o PSDB kkkkk,Indica que o alvo vai prejudicar algo ou alguÃ©m,InvalidaÃ§Ã£o,Mapa da ViolÃªncia PolÃ­tica de GÃªnero
ğŸ”,@samiabomfim ğŸ”ğŸ•ğŸŸğŸ§,Faz referÃªncia Ã  aparÃªncia do alvo,Insulto,Mapa da ViolÃªncia PolÃ­tica de GÃªnero
ğŸ•,@samiabomfim ğŸ”ğŸ•ğŸŸğŸ§,Faz referÃªncia Ã  aparÃªncia do alvo,Insulto,Mapa da ViolÃªncia PolÃ­tica de GÃªnero
ğŸŸ,@samiabomfim ğŸ”ğŸ•ğŸŸğŸ§,Faz referÃªncia Ã  aparÃªncia do alvo,Insulto,Mapa da ViolÃªncia PolÃ­tica de GÃªnero
ğŸ§,@samiabomfim ğŸ”ğŸ•ğŸŸğŸ§,Faz referÃªncia Ã  aparÃªncia do alvo,Insulto,Mapa da ViolÃªncia PolÃ­tica de GÃªnero
anta,"@samiabomfim Por isso que nÃ£o dÃ¡ pra levar petista a sÃ©rio. Demagogia a gente vÃª pelos seus tuites! Comparar urna eletrÃ´nica com enquete pela Internet?! Daqui a pouco vocÃª vai concluir que poderemos votar pelo zap. Vc Ã© uma anta, e perdoem as antas...",Ã‰ usado para desqualificar o alvo,InvalidaÃ§Ã£o,Mapa da ViolÃªncia PolÃ­tica de GÃªnero
nÃ£o dÃ¡ pra levar (.*) a sÃ©rio,"@samiabomfim Por isso que nÃ£o dÃ¡ pra levar petista a sÃ©rio. Demagogia a gente vÃª pelos seus tuites! Comparar urna eletrÃ´nica com enquete pela Internet?! Daqui a pouco vocÃª vai concluir que poderemos votar pelo zap. Vc Ã© uma anta, e perdoem as antas...",Ã‰ usado para desqualificar o alvo,InvalidaÃ§Ã£o,Mapa da ViolÃªncia PolÃ­tica de GÃªnero
circo,@SimoneTebetms @antonionetopdt Circo!!!,Ã‰ usado para desqualificar o alvo,InvalidaÃ§Ã£o,Mapa da ViolÃªncia PolÃ­tica de GÃªnero
demagoga,"@SimoneTebetms Demagoga!  O dinheiro Ã© do pagador de impostos, ele nÃ£o brota do chÃ£o e nem cai de arvore.",Questiona a moral do alvo,CrÃ­tica,Mapa da ViolÃªncia PolÃ­tica de GÃªnero
pare de ser (.*)/ para de ser (.*),@SimoneTebetms Pare de ser ridÃ­cula! O cara nÃ£o se sujeitou Ã s imposiÃ§Ãµes dos cretinos!,Ã‰ usado para desqualificar o alvo,Insulto,Mapa da ViolÃªncia PolÃ­tica de GÃªnero
nojenta,@SimoneTebetms Que mulher nojenta,Manifesta sentimentos de nojo contra o alvo,Insulto,Mapa da ViolÃªncia PolÃ­tica de GÃªnero
xiu ,@SimoneTebetms Xiu Simone Tablet. VocÃªs sÃ£o uma vergonha para o PaÃ­s. Gracas a Deus este Ã© seu ultimo mandato.,Indica que o alvo nÃ£o deve se manifestar ou tecer opiniÃµes,InvalidaÃ§Ã£o,Mapa da ViolÃªncia PolÃ­tica de GÃªnero
nÃ£o vejo a (.*) fazendo algo Ãºtil,@SorayaThronicke NÃ£o vejo a senhora fazendo algo de Ãºtil ao paÃ­s. E sair em fotos com um Comunista como este embaixador pra mim foi a cereja do bolo. Mais uma mÃ¡scara que cai...,Insinua que o alvo Ã© desimportante,CrÃ­tica,Mapa da ViolÃªncia PolÃ­tica de GÃªnero
(.*) foi eleita na aba do (.*),"@SorayaThronicke Sou de \direita\ e \conservadora\, amo a \democracia\ mas amo mais o Comunismo ChinÃªs. Traidora, foi eleita na aba do Bolsonaro, nas prÃ³ximas eleiÃ§Ãµes iremos lembrar disso todos os dias https://t.co/qTuLsMaEAm","Insinua que o alvo sÃ³ conseguiu algo devido a um terceiro, geralmente homem.",InvalidaÃ§Ã£o,Mapa da ViolÃªncia PolÃ­tica de GÃªnero
pobreza intelectual,@tabataamaralsp @UOL Pobreza intelectual de vocÃªs! Que vergonha!,Ã‰ usado para desqualificar o alvo,InvalidaÃ§Ã£o,Mapa da ViolÃªncia PolÃ­tica de GÃªnero
Ã© sÃ³ (.*) mandar que (.*) corre para (.*),@tabataamaralsp Mas Ã© sÃ³ ele mandar uma privatizaÃ§Ã£ozinha para o congresso que vocÃª corre para apoiar ğŸ‘ğŸ¼,"Insinua que o alvo sÃ³ conseguiu algo devido a um terceiro, geralmente homem.",InvalidaÃ§Ã£o,Mapa da ViolÃªncia PolÃ­tica de GÃªnero
mentirosa,@tabataamaralsp Mentiroooooosaaa rss,Ã‰ usado para desqualificar o alvo,InvalidaÃ§Ã£o,Mapa da ViolÃªncia PolÃ­tica de GÃªnero
volta pra escola/ voltar pra escola,"@tabataamaralsp Pode voltar pra escola, vocÃª nÃ£o sabe de nada",Ã‰ usado para desqualificar o alvo,InvalidaÃ§Ã£o,Mapa da ViolÃªncia PolÃ­tica de GÃªnero
ğŸ’©,@tabataamaralsp Vc sÃ³ fala ğŸ’©ğŸ’©ğŸ’©,Insinua que o alvo fala bobeiras,InvalidaÃ§Ã£o,Mapa da ViolÃªncia PolÃ­tica de GÃªnero
88,88,Ã‰ usado em um contexto de apologia ao nazismo,Discurso de Ã“dio,"Prado, M. (2023). Tempestade ideolÃ³gica"
â™‹ ,â™‹ ,Faz referÃªncia a uma posiÃ§Ã£o sexual,Insulto,Wikihow
âš½ï¸âš½ï¸,âš½ï¸âš½ï¸,Faz referÃªncia aos seios da mulher ou aos testÃ­culos do homem,NA,Wikihow
âœ‚ï¸,âœ‚ï¸,Faz referÃªncia a uma posiÃ§Ã£o sexual comum entre mulheres lÃ©sbicas,Insulto,Wikihow
ğŸŒ­,ğŸŒ­,Faz referÃªncia ao Ã³rgÃ£o genital masculino,Insulto,Wikihow
ğŸŒ®,ğŸŒ®,Faz referÃªncia ao Ã³rgÃ£o genital feminino,NA,Wikihow
ğŸŒ¶,ğŸŒ¶,Faz referÃªncia ao sexo ou a sexting,NA,Wikihow
ğŸ†,ğŸ†,Faz referÃªncia ao Ã³rgÃ£o genital masculino,Insulto,Wikihow
ğŸˆğŸˆ,ğŸˆğŸˆ,Faz referÃªncia aos seios da mulher ou aos testÃ­culos do homem,NA,Wikihow
ğŸŒ,ğŸŒ,Ã‰ usado como ofensa racista ou em referÃªncia ao Ã³rgÃ£o genital masculino,Discurso de Ã“dio,Wikihow
ğŸ,ğŸ,Faz referÃªncia aos glÃºteos ou ao sexo anal,NA,Wikihow
ğŸ‘,ğŸ‘,Ã‰ usado para sexualizar o alvo ou em referÃªncia aos glÃºteos ou ao sexo anal,Insulto,Wikihow
ğŸ’,ğŸ’,Faz referÃªncia aos glÃºteos ou ao sexo anal,NA,Wikihow
ğŸ£,ğŸ£,Faz referÃªncia ao Ã³rgÃ£o genital feminino,NA,Wikihow
ğŸ©,ğŸ©,Faz referÃªncia a uma posiÃ§Ã£o sexual,Insulto,Wikihow
ğŸ€ğŸ€,ğŸ€ğŸ€,Faz referÃªncia aos seios da mulher ou aos testÃ­culos do homem,NA,Wikihow
ğŸ,ğŸ,Insinua que o alvo seria falso,Insulto,Wikihow
ğŸ“,ğŸ“,Faz referÃªncias sobre o comportamento sexual do alvo,Insulto,Wikihow
ğŸ±,ğŸ±,Faz referÃªncia Ã  aparÃªncia do alvo,Insulto,Wikihow
ğŸ‘‰ğŸ‘Œ,ğŸ‘‰ğŸ‘Œ,Faz referÃªncia a uma posiÃ§Ã£o sexual,Insulto,Wikihow
ğŸ‘Œ,ğŸ‘Œ,Faz referÃªncia a uma posiÃ§Ã£o sexual,Insulto,Wikihow
ğŸ’¦,ğŸ’¦,Faz referÃªncia a uma posiÃ§Ã£o sexual,Insulto,Wikihow
ğŸ”¥,ğŸ”¥,Ã‰ usado para sexualizar o alvo,Insulto,Wikihow
ğŸ¥•,ğŸ¥•,Faz referÃªncia ao Ã³rgÃ£o genital masculino,NA,Wikihow
ğŸ¥–,ğŸ¥–,Insinua uma aÃ§Ã£o violenta contra o alvo,AmeaÃ§a,Wikihow
ğŸ˜ˆ,ğŸ˜ˆ,Ã‰ usado para sexualizar o alvo,Insulto,Wikihow
14/88,14/88,Ã‰ usado em um contexto de apologia ao nazismo,Discurso de Ã“dio,Imprensa
tem que eliminar (.*)/ tinha que eliminar (.*),A gente tinha que eliminar esses loucos,Ã‰ usado em um contexto de apologia ao nazismo,Discurso de Ã“dio,Mapa da ViolÃªncia PolÃ­tica de GÃªnero
vergonha,a senhora Ã© uma vergonha para o Senado,Ã‰ usado para expressÃ£o descontentamento com as atitudes do alvo,CrÃ­tica,Imprensa
descontrolada,A senhora estÃ¡ totalmente descontrolada,Questiona a sanidade do alvo,InvalidaÃ§Ã£o,Mapa da ViolÃªncia PolÃ­tica de GÃªnero
ser estuprada,a senhora nÃ£o merece ser estuprada,Insinua uma aÃ§Ã£o violenta contra o alvo,Insulto,Imprensa
aberraÃ§Ã£o,aberraÃ§Ã£o,Ã‰ usado para estigmatizar e desumanizar o alvo,Insulto,Imprensa
aberraÃ§Ã£o,aberraÃ§Ã£o da natureza,Ã‰ usado para estigmatizar e desumanizar o alvo,Insulto,Imprensa
aberraÃ§Ã£o do (.*),aberraÃ§Ã£o do alfabeto,Ã‰ usado para estigmatizar e desumanizar o alvo,Insulto,Imprensa
aborto de (.*),aborto de bolsonarista,Ã‰ usado para estigmatizar e desumanizar o alvo,InvalidaÃ§Ã£o,Imprensa
(.*) cairÃ¡ no ostracismo,acabou a Mamata foi para a Esquerda e vc nÃ£o serÃ¡ mais Eleita e Reeleita para nada cairÃ¡ no Ostracismo ! Chora Petralha #Bolsonaro2022a2026 https://t.co/L2eJiaEmmI,Insinua que o alvo Ã© desimportante,InvalidaÃ§Ã£o,Mapa da ViolÃªncia PolÃ­tica de GÃªnero
(.*) nÃ£o serÃ¡ mais eleita/ (.*) nÃ£o serÃ¡ reeleita,acabou a Mamata foi para a Esquerda e vc nÃ£o serÃ¡ mais Eleita e Reeleita para nada cairÃ¡ no Ostracismo ! Chora Petralha #Bolsonaro2022a2026 https://t.co/L2eJiaEmmI,Insinua que o alvo Ã© desimportante,InvalidaÃ§Ã£o,Mapa da ViolÃªncia PolÃ­tica de GÃªnero
acha que vai (.*),acha que vai continuar exercendo este cargo de deputada federal atÃ© 2023?,"Ã‰ usado para ameaÃ§ar o alvo, indicando que hÃ¡ mais por vir ",AmeaÃ§a,Imprensa
Aguarde (.*),Aguarde a visitinha da minha Glock G25 calibre 380,"Ã‰ usado para ameaÃ§ar o alvo, indicando que hÃ¡ mais por vir ",AmeaÃ§a,Imprensa
aleijada,aleijada,Ã‰ usado para estigmatizar e desumanizar o alvo,InvalidaÃ§Ã£o,Imprensa
interna (.*),alguÃ©m interna ela por favor,Questiona a sanidade do alvo,InvalidaÃ§Ã£o,Imprensa
(.*) na casa dela / (.*) na casa da (.*),"Algum deputado poderia fazer um projeto de lei que legalize o roubo, mas sÃ³ na casa dela?",Ã‰ usado para indicar que farÃ¡/deseja fazer/deseja que aconteÃ§a algo contra o alvo,AmeaÃ§a,Mapa da ViolÃªncia PolÃ­tica de GÃªnero
amante,amante,Ã‰ usado para sexualizar o alvo,Insulto,Imprensa
amante,amante,Ã‰ usado para sexualizar o alvo,Insulto,Imprensa
analfabeta,analfabeta,Ã‰ usado para desqualificar o alvo,InvalidaÃ§Ã£o,Imprensa
aproveitadora,aproveitadora,Questiona a moral do alvo,Insulto,Imprensa
(.*) nÃ£o aconteceu/ (.*) nunca aconteceu,aquilo nunca aconteceu,Ã‰ usado para desqualificar o alvo,InvalidaÃ§Ã£o,Imprensa
arregona,arregona,Questiona a coragem do alvo,Insulto,Imprensa
asquerosa,asquerosa,Manifesta sentimentos de nojo contra o alvo,Insulto,Imprensa
bandida,bandida,Questiona a moral do alvo,Insulto,Imprensa
baranga,baranga,Faz referÃªncia Ã  aparÃªncia do alvo,Insulto,Imprensa
belzebu,belzebu,Ã‰ usado para estigmatizar e desumanizar o alvo,Insulto,Imprensa
belzebu,"belzebu, boizebu",Ã‰ usado para estigmatizar e desumanizar o alvo,Insulto,Imprensa
fedor de (.*),Bem que senti o fedor de preto,Ã‰ usado como ofensa racista,Discurso de Ã“dio,Imprensa
bipolar,bipolar,Questiona a sanidade do alvo,InvalidaÃ§Ã£o,Imprensa
borderline,borderline,Questiona a sanidade do alvo,InvalidaÃ§Ã£o,Imprensa
brincando de (.*),brincando de esconde esconde,Insinua que o alvo Ã© desimportante,InvalidaÃ§Ã£o,Imprensa
bruxa,bruxa,Ã‰ usado para estigmatizar e desumanizar o alvo,Insulto,Imprensa
bruxa,bruxa de blair,Ã‰ usado para estigmatizar e desumanizar o alvo,Insulto,Imprensa
burra,burra,Ã‰ usado para desqualificar o alvo,InvalidaÃ§Ã£o,Imprensa
burra,Burra,Ã‰ usado para desqualificar o alvo,InvalidaÃ§Ã£o,Imprensa
burra,burra,Ã‰ usado para desqualificar o alvo,InvalidaÃ§Ã£o,Imprensa
cabelo (.*),cabelo pra tirar ferrugem de ferro,Ã‰ usado como ofensa racista,Insulto,Imprensa
cadela,cadela,Ã‰ usado para sexualizar o alvo,Insulto,Imprensa
cafetina,cafetina,Ã‰ usado para sexualizar o alvo,Insulto,Imprensa
caloteira,caloteira,Questiona a moral do alvo,CrÃ­tica,Imprensa
canalhas,canalhas,Ã‰ usado para desqualificar/estigmatizar/desumanizar o alvo,Insulto,Mapa da ViolÃªncia PolÃ­tica de GÃªnero
canja,canja,Ã‰ usado para sexualizar o alvo,Insulto,Imprensa
capacho,capacho de prefeito,"Insinua que o alvo sÃ³ conseguiu algo devido a um terceiro, geralmente homem.",InvalidaÃ§Ã£o,Imprensa
capitÃ£ (.*),capitÃ£ cloroquina,Ã‰ usado para desqualificar o alvo,CrÃ­tica,Imprensa
capitÃ£ (.*),capitÃ£ cloroquina,Ã‰ usado para desqualificar o alvo,CrÃ­tica,Imprensa
capitÃ£ (.*),CAPITÃƒ CLOROQUINA,Ã‰ usado para desqualificar o alvo,CrÃ­tica,Mapa da ViolÃªncia PolÃ­tica de GÃªnero
cara de pau,cara de pau,Insinua que o alvo fala bobeiras,Insulto,Imprensa
lÃºcifer,carmen lÃºcifer,Ã‰ usado para estigmatizar e desumanizar o alvo,Insulto,Imprensa
chora,chora,Utiliza o sarcasmo para debochar de uma situaÃ§Ã£o na qual o alvo estaria insatisfeito,InvalidaÃ§Ã£o,Imprensa
chora,chora esquerdalha,Utiliza o sarcasmo para debochar de uma situaÃ§Ã£o na qual o alvo estaria insatisfeito,InvalidaÃ§Ã£o,Imprensa
chupa,chupa retardada,Utiliza o sarcasmo para debochar de uma situaÃ§Ã£o na qual o alvo estaria insatisfeito,InvalidaÃ§Ã£o,Imprensa
retardada,chupa retardada,Ã‰ usado para desqualificar o alvo,InvalidaÃ§Ã£o,Imprensa
retardada,chupa retardada,Ã‰ usado para desqualificar o alvo,InvalidaÃ§Ã£o,Imprensa
nojenta,coisa nojenta,Manifesta sentimentos de nojo contra o alvo,Insulto,Imprensa
como que (.*) se elegeu/ como que (.*) pode ter sido eleita,Como que pode uma pessoa dessa ainda ter sido eleita vereadora,Ã‰ usado para desqualificar o alvo,InvalidaÃ§Ã£o,Imprensa
comunista,comunista,Questiona a moral do alvo,CrÃ­tica,Imprensa
safada,comunista safada,Ã‰ usado para sexualizar o alvo,Insulto,Imprensa
conservadia,conservadia,Ã‰ usado para sexualizar o alvo,Insulto,Imprensa
vergonha,crie vergonha,Ã‰ usado para expressÃ£o descontentamento com as atitudes do alvo,CrÃ­tica,Imprensa
perder sua vida,da prÃ³xima vez vc vai perder a sua vida,Insinua uma aÃ§Ã£o violenta contra o alvo,AmeaÃ§a,Imprensa
vocÃª vai (.*),da prÃ³xima vez vc vai perder a sua vida,Ã‰ usado para indicar que farÃ¡/deseja fazer/deseja que aconteÃ§a algo contra o alvo,AmeaÃ§a,Imprensa
Delira,"Delira, sua erva tÃ¡ estragada, filhinha? ",Questiona a sanidade do alvo,InvalidaÃ§Ã£o,Mapa da ViolÃªncia PolÃ­tica de GÃªnero
filhinha,"Delira, sua erva tÃ¡ estragada, filhinha? ","Insinua que o alvo sÃ³ conseguiu algo devido a um terceiro, geralmente homem.",InvalidaÃ§Ã£o,Mapa da ViolÃªncia PolÃ­tica de GÃªnero
sua erva,"Delira, sua erva tÃ¡ estragada, filhinha? ",Ã‰ usado para desqualificar o alvo,InvalidaÃ§Ã£o,Mapa da ViolÃªncia PolÃ­tica de GÃªnero
demonia,demonia,Ã‰ usado para estigmatizar e desumanizar o alvo,Insulto,Imprensa
quebrar seu (.*),depois de quebrar seu crÃ¢nio com um martelo ordinÃ¡rio e matar qualquer um que estiver junto com vocÃª,Insinua uma aÃ§Ã£o violenta contra o alvo,AmeaÃ§a,Imprensa
descontrolada,descontrolada,Questiona a sanidade do alvo,InvalidaÃ§Ã£o,Imprensa
descontrolada,descontroladas,Questiona a sanidade do alvo,InvalidaÃ§Ã£o,Imprensa
descontroladas,descontroladas,Questiona a sanidade do alvo,InvalidaÃ§Ã£o,Imprensa
buceta | boceta,desejo a morte da buceta pequena da sua filha aquela gostosona,Ã‰ usado para sexualizar o alvo,Insulto,Imprensa
desejo que vocÃª (.*) | quero que vocÃª (.*),desejo a morte da buceta pequena da sua filha aquela gostosona,Ã‰ usado para indicar que farÃ¡/deseja fazer/deseja que aconteÃ§a algo contra o alvo,AmeaÃ§a,Imprensa
gostosa | gostosinha | gostosona,desejo a morte da buceta pequena da sua filha aquela gostosona,Faz referÃªncia Ã  aparÃªncia do alvo,Insulto,Imprensa
deus vult,deus vult,"""AlÃ©m do elemento Ã©tnico e nativista, hÃ¡ o componente religioso, a reafirmaÃ§Ã£o da masculinidade e o mito do herÃ³i. â€œDeus Vultâ€ - Deus quer faz referÃªncia ao grito do povo em resposta ao papa Urbano II quando foi anunciado o inÃ­cio da Primeira Cruzada pelo pontÃ­fice (1095) e agrega, para os extremistas, noÃ§Ãµes de defesa do Cristianismo contra ameaÃ§as externas (o islamismo, por exemplo), o culto Ã  forÃ§a, virilidade e propensÃ£o Ã  guerra do ser masculino."" (Prado, 2023)",Discurso de Ã“dio,"Prado, M. (2023). Tempestade ideolÃ³gica"
deveria estar em (.*),Deveria estar num hospÃ­cio ou num circo,Ã‰ usado para indicar que farÃ¡/deseja fazer/deseja que aconteÃ§a algo contra o alvo,InvalidaÃ§Ã£o,Mapa da ViolÃªncia PolÃ­tica de GÃªnero
doente,doente,Ã‰ usado para desqualificar o alvo,InvalidaÃ§Ã£o,Imprensa
doida,doida,Questiona a sanidade do alvo,InvalidaÃ§Ã£o,Imprensa
doida,doida,Questiona a sanidade do alvo,InvalidaÃ§Ã£o,Imprensa
puteiro/putero,dona de putero,Ã‰ usado para sexualizar o alvo,Insulto,Imprensa
olhos abertos,durma de olhos abertos,"Ã‰ usado para ameaÃ§ar o alvo, indicando que hÃ¡ mais por vir",AmeaÃ§a,Imprensa
feia,ela Ã© muito feia e deve ter sido largada por um homem,Faz referÃªncia Ã  aparÃªncia do alvo,Insulto,Imprensa
largada por um homem,ela Ã© muito feia e deve ter sido largada por um homem,Ã‰ usado para desqualificar o alvo,Insulto,Imprensa
emotiva,emotiva,Questiona a sanidade do alvo,InvalidaÃ§Ã£o,Imprensa
escÃ³ria da (.*)/ escÃ³ria,escÃ³ria das fezes humanas,Xingamento direto contra o alvo,Insulto,Mapa da ViolÃªncia PolÃ­tica de GÃªnero
escrota,escrota,Xingamento direto contra o alvo,Insulto,Imprensa
esposa de (.*),esposa de bandido,"Insinua que o alvo sÃ³ conseguiu algo devido a um terceiro, geralmente homem.",InvalidaÃ§Ã£o,Imprensa
esposa de (.*),esposa de ladrÃ£o,"Insinua que o alvo sÃ³ conseguiu algo devido a um terceiro, geralmente homem.",InvalidaÃ§Ã£o,Imprensa
imbecil,"Esquece o Bolsonaro sua imbecil, sÃ³ sabe falar isso? O povo sÃ³ quer mais transparÃªncia na eleiÃ§Ã£o... https://t.co/cqc0CzpJqg",Ã‰ usado para desqualificar o alvo,Insulto,Mapa da ViolÃªncia PolÃ­tica de GÃªnero
sÃ³ sabe falar de (.*),"Esquece o Bolsonaro sua imbecil, sÃ³ sabe falar isso? O povo sÃ³ quer mais transparÃªncia na eleiÃ§Ã£o... https://t.co/cqc0CzpJqg",Insinua que o alvo fala bobeiras,InvalidaÃ§Ã£o,Mapa da ViolÃªncia PolÃ­tica de GÃªnero
esquerdista,esquerdista de iphone,Ã‰ usado para desqualificar o alvo,CrÃ­tica,Mapa da ViolÃªncia PolÃ­tica de GÃªnero
esquerdopata,esquerdopata,Questiona a sanidade do alvo,Insulto,Imprensa
esquerdopata,esquerdopata,Questiona a sanidade do alvo,Insulto,Imprensa
fala abobrinha,Essa joice ainda estÃ¡ perturbando essa Ã© fim de carreira sÃ³ fala abrobrinha vamos ver ela em 2022,Insinua que o alvo fala bobeiras,InvalidaÃ§Ã£o,Mapa da ViolÃªncia PolÃ­tica de GÃªnero
fim de carreira,Essa joice ainda estÃ¡ perturbando essa Ã© fim de carreira sÃ³ fala abrobrinha vamos ver ela em 2022,Ã‰ usado para desqualificar o alvo,InvalidaÃ§Ã£o,Mapa da ViolÃªncia PolÃ­tica de GÃªnero
essa mulher deveria (.*),essa mulher deveria morar em uma ilha completamente isolada,Ã‰ usado para indicar que farÃ¡/deseja fazer/deseja que aconteÃ§a algo contra o alvo,CrÃ­tica,Imprensa
(.*) tem problema mental,"Essa mulher tem problema mental ,sÃ³ pode .<U+0001F914><U+0001F914><U+0001F914>",Questiona a sanidade do alvo,InvalidaÃ§Ã£o,Mapa da ViolÃªncia PolÃ­tica de GÃªnero
estÃºpida,estÃºpida,Ã‰ usado para desqualificar o alvo,Insulto,Imprensa
eu desejo que (.*),Eu desejo que a sua famÃ­lia morra,Ã‰ usado para indicar que farÃ¡/deseja fazer/deseja que aconteÃ§a algo contra o alvo,AmeaÃ§a,Imprensa
que (.*) morra,Eu desejo que a sua famÃ­lia morra,Insinua uma aÃ§Ã£o violenta contra o alvo,AmeaÃ§a,Imprensa
que vocÃª  leve (.*)/que vocÃª seja (.*),eu desejo que vocÃª leve um tiro na cara e que seja estuprada por um menor de 17 anos,Ã‰ usado para indicar que farÃ¡/deseja fazer/deseja que aconteÃ§a algo contra o alvo,AmeaÃ§a,Imprensa
seja estuprada,eu desejo que vocÃª leve um tiro na cara e que seja estuprada por um menor de 17 anos,Insinua uma aÃ§Ã£o violenta contra o alvo,AmeaÃ§a,Imprensa
tiro na cara,eu desejo que vocÃª leve um tiro na cara e que seja estuprada por um menor de 17 anos,Insinua uma aÃ§Ã£o violenta contra o alvo,AmeaÃ§a,Imprensa
picolÃ© de menstruaÃ§Ã£o,eu nÃ£o chupo picolÃ© de menstruaÃ§Ã£o,Ã‰ usado para estigmatizar e desumanizar o alvo,Insulto,Imprensa
arrancar (.*),eu quero arrancar-lhe a cabeÃ§a com uma motoserra e pendurar o seu corpo imundo em uma mangueira,Insinua uma aÃ§Ã£o violenta contra o alvo,AmeaÃ§a,Imprensa
corpo imundo,eu quero arrancar-lhe a cabeÃ§a com uma motoserra e pendurar o seu corpo imundo em uma mangueira,Faz referÃªncia Ã  aparÃªncia do alvo,Insulto,Imprensa
pendurar (.*),eu quero arrancar-lhe a cabeÃ§a com uma motoserra e pendurar o seu corpo imundo em uma mangueira,Insinua uma aÃ§Ã£o violenta contra o alvo,AmeaÃ§a,Imprensa
quero (.*)/ desejo (.*),eu quero arrancar-lhe a cabeÃ§a com uma motoserra e pendurar o seu corpo imundo em uma mangueira,Ã‰ usado para indicar que farÃ¡/deseja fazer/deseja que aconteÃ§a algo contra o alvo,AmeaÃ§a,Imprensa
eu (.*) quando (.*) pede,eu sÃ³ bato quando elas pedem,Insinua uma aÃ§Ã£o violenta contra o alvo,AmeaÃ§a,Imprensa
banho de sangue,Exijo que a Isa Penna renuncie ou tenha o mandato cassado! Se nÃ£o vou invadir a Assembleia Legislativa e fazer um massacre,Insinua uma aÃ§Ã£o violenta contra o alvo,AmeaÃ§a,Imprensa
exijo que (.*) renuncie,Exijo que a Isa Penna renuncie ou tenha o mandato cassado! Se nÃ£o vou invadir a Assembleia Legislativa e fazer um massacre,"Ã‰ usado para ameaÃ§ar o alvo, indicando que hÃ¡ mais por vir ",AmeaÃ§a,Imprensa
exijo que (.*) se nÃ£o vou (.*),Exijo que a Isa Penna renuncie ou tenha o mandato cassado! Se nÃ£o vou invadir a Assembleia Legislativa e fazer um massacre,"Ã‰ usado para ameaÃ§ar o alvo, indicando que hÃ¡ mais por vir ",AmeaÃ§a,Imprensa
falsa,falsa,Insinua que o alvo seria falso,Insulto,Imprensa
banquete para urubus,faremos de vocÃª um banquete para os urubus,Insinua uma aÃ§Ã£o violenta contra o alvo,AmeaÃ§a,Imprensa
feia,feia,Faz referÃªncia Ã  aparÃªncia do alvo,Insulto,Imprensa
desqualificada,"Fico pensando quem vota em uma desqualificada dessa, nÃ£o quer o melhor para o seu paÃ­s!",Ã‰ usado para desqualificar o alvo,InvalidaÃ§Ã£o,Mapa da ViolÃªncia PolÃ­tica de GÃªnero
filha da puta,filha da puta,Xingamento direto contra o alvo,Insulto,Imprensa
filhinha de papai,filhinha de papai,"Insinua que o alvo sÃ³ conseguiu algo devido a um terceiro, geralmente homem.",InvalidaÃ§Ã£o,Imprensa
fraca,fraca,Ã‰ usado para desqualificar o alvo,InvalidaÃ§Ã£o,Imprensa
fracassada,fracassada,Ã‰ usado para desqualificar o alvo,InvalidaÃ§Ã£o,Imprensa
fraquejada,fraquejada,Ã‰ usado para desqualificar o alvo,InvalidaÃ§Ã£o,Imprensa
gorda,gorda,Faz referÃªncia Ã  aparÃªncia do alvo,Insulto,Imprensa
escrota,gorda escrota,Xingamento direto contra o alvo,Insulto,Imprensa
gorda,gorda escrota,Faz referÃªncia Ã  aparÃªncia do alvo,Insulto,Imprensa
aÃ§oitar,hÃ¡ uma tÃ¡bua de madeira com uns pregos na ponta e Ã© com isso que eu vou te aÃ§oitar,Insinua uma aÃ§Ã£o violenta contra o alvo,AmeaÃ§a,Imprensa
Ã© com (.*) que vou te (.*),hÃ¡ uma tÃ¡bua de madeira com uns pregos na ponta e Ã© com isso que eu vou te aÃ§oitar,Ã‰ usado para indicar que farÃ¡/deseja fazer/deseja que aconteÃ§a algo contra o alvo,AmeaÃ§a,Imprensa
hiena,hiena,Ã‰ usado para estigmatizar e desumanizar o alvo,Insulto,Imprensa
hipÃ³crita,hipÃ³crita,Questiona a moral do alvo,Insulto,Imprensa
hipÃ³critas,hipÃ³critas,Questiona a moral do alvo,Insulto,Mapa da ViolÃªncia PolÃ­tica de GÃªnero
histÃ©rica,histÃ©rica,Questiona a sanidade do alvo,InvalidaÃ§Ã£o,Imprensa
horrorosa,horrorosa,Faz referÃªncia Ã  aparÃªncia do alvo,Insulto,Imprensa
idiota,idiota,Ã‰ usado para desqualificar o alvo,InvalidaÃ§Ã£o,Imprensa
idiota,idiota,Ã‰ usado para desqualificar o alvo,InvalidaÃ§Ã£o,Imprensa
idiota,idiota,Ã‰ usado para desqualificar o alvo,InvalidaÃ§Ã£o,Imprensa
idiota,idiota,Ã‰ usado para desqualificar o alvo,InvalidaÃ§Ã£o,Imprensa
imbecil,imbecil,Ã‰ usado para desqualificar o alvo,InvalidaÃ§Ã£o,Imprensa
imbecil,imbecil,Ã‰ usado para desqualificar o alvo,InvalidaÃ§Ã£o,Imprensa
imoral,imoral,Questiona a moral do alvo,Insulto,Imprensa
incompetente,incompetente,Ã‰ usado para desqualificar o alvo,InvalidaÃ§Ã£o,Imprensa
fajuta,Ã­ndia fajuta,Ã‰ usado para desqualificar o alvo,InvalidaÃ§Ã£o,Imprensa
kidauÃ¢nus,Ã­ndios da tribo kidauÃ¢nus,Ã‰ usado para sexualizar o alvo,Insulto,Imprensa
janta,janta,Ã‰ usado para sexualizar o alvo,Insulto,Imprensa
banana,joga banana,Ã‰ usado como ofensa racista,Discurso de Ã“dio,Imprensa
banana,joga banana,Ã‰ usado como ofensa racista,Discurso de Ã“dio,Imprensa
jumenta,jumenta,Ã‰ usado para desqualificar o alvo,InvalidaÃ§Ã£o,Imprensa
jumenta,jumenta,Ã‰ usado para desqualificar o alvo,InvalidaÃ§Ã£o,Imprensa
ladra de (.*),ladra de ideias,Questiona a moral do alvo,Insulto,Imprensa
lixo,lixo,Ã‰ usado para estigmatizar e desumanizar o alvo,Insulto,Imprensa
lixo,lixo,Ã‰ usado para estigmatizar e desumanizar o alvo,Insulto,Imprensa
burra,loira burra,Ã‰ usado para desqualificar o alvo,InvalidaÃ§Ã£o,Imprensa
loira burra,loira burra,Ã‰ usado para desqualificar o alvo,InvalidaÃ§Ã£o,Imprensa
louca,Louca,Questiona a sanidade do alvo,InvalidaÃ§Ã£o,Imprensa
louca,louca,Questiona a sanidade do alvo,InvalidaÃ§Ã£o,Imprensa
lÃºcifer,lÃºcifer,Ã‰ usado para estigmatizar e desumanizar o alvo,Insulto,Imprensa
macaco,macaco,Ã‰ usado como ofensa racista,Discurso de Ã“dio,Imprensa
macumbeira,macumbeira,Ã‰ usado para estigmatizar e desumanizar o alvo,Insulto,Imprensa
mal amada,mal amada,Ã‰ usado para desqualificar o alvo,Insulto,Imprensa
maluca,maluca,Questiona a sanidade do alvo,InvalidaÃ§Ã£o,Imprensa
travecos,mÃ¡rtir dos travecos,Ã‰ usado como ofensa LGBTQfÃ³bica,Insulto,Imprensa
mentirosa,mentirosa,Ã‰ usado para desqualificar o alvo,InvalidaÃ§Ã£o,Imprensa
merda,merda,Ã‰ usado para estigmatizar e desumanizar o alvo,Insulto,Imprensa
Micheque,Micheque,Questiona a moral do alvo,Insulto,Imprensa
mimimi,mimimi,Ã‰ usado para desqualificar o alvo,InvalidaÃ§Ã£o,Imprensa
mimizenta,mimizenta,Ã‰ usado para desqualificar o alvo,InvalidaÃ§Ã£o,Imprensa
ridÃ­cula,muito ridÃ­cula,Xingamento direto contra o alvo,Insulto,Imprensa
mulher de (.*),mulher de ladrÃ£o,"Insinua que o alvo sÃ³ conseguiu algo devido a um terceiro, geralmente homem.",InvalidaÃ§Ã£o,Imprensa
mÃºmia,mÃºmia,Utiliza a idade para ofender o alvo,InvalidaÃ§Ã£o,Imprensa
nÃ£o cansa de (.*),nÃ£o cansa de passar vergonha,Indica que o alvo nÃ£o deve se manifestar ou tecer opiniÃµes,CrÃ­tica,Mapa da ViolÃªncia PolÃ­tica de GÃªnero
passar vergonha,nÃ£o cansa de passar vergonha,Ã‰ usado para expressÃ£o descontentamento com as atitudes do alvo,CrÃ­tica,Mapa da ViolÃªncia PolÃ­tica de GÃªnero
nÃ£o Ã© a toa que (.*),nÃ£o Ã© a toa que estÃ¡ em uma cadeira de rodas,Ã‰ usado para indicar que farÃ¡/deseja fazer/deseja que aconteÃ§a algo contra o alvo,AmeaÃ§a,Imprensa
vergonha na cara,nÃ£o tem vergonha na cara,Ã‰ usado para expressÃ£o descontentamento com as atitudes do alvo,CrÃ­tica,Imprensa
vergonha na cara,nÃ£o tem vergonha na cara,Ã‰ usado para expressÃ£o descontentamento com as atitudes do alvo,CrÃ­tica,Imprensa
neguinho,neguinho,Ã‰ usado como ofensa racista,Discurso de Ã“dio,Imprensa
horrorosa,"nenhum homem aguenta um tribufu desses, horrorosa",Faz referÃªncia Ã  aparÃªncia do alvo,Insulto,Imprensa
nenhum homem aguenta,"nenhum homem aguenta um tribufu desses, horrorosa",Faz referÃªncia Ã  aparÃªncia do alvo,Insulto,Imprensa
tribufu,"nenhum homem aguenta um tribufu desses, horrorosa",Faz referÃªncia Ã  aparÃªncia do alvo,Insulto,Imprensa
nojenta,nojenta,Manifesta sentimentos de nojo contra o alvo,Insulto,Imprensa
nojenta,nojenta,Manifesta sentimentos de nojo contra o alvo,Insulto,Imprensa
nunca fez nada como (.*),nunca fez nada como vereadora alÃ©m de reclamar e se fazer de vÃ­tima,Ã‰ usado para desqualificar o alvo,CrÃ­tica,Imprensa
se fazer de vÃ­tima,nunca fez nada como vereadora alÃ©m de reclamar e se fazer de vÃ­tima,Ã‰ usado para desqualificar o alvo,InvalidaÃ§Ã£o,Imprensa
onÃ§a,onÃ§a,Ã‰ usado para estigmatizar e desumanizar o alvo,Insulto,Imprensa
oportunista,oportunista,Questiona a moral do alvo,CrÃ­tica,Imprensa
oportunista,oportunista traidora,Questiona a moral do alvo,CrÃ­tica,Mapa da ViolÃªncia PolÃ­tica de GÃªnero
traidora,oportunista traidora,Questiona a moral do alvo,Insulto,Mapa da ViolÃªncia PolÃ­tica de GÃªnero
parasita,parasita,Questiona a moral do alvo,Insulto,Imprensa
passaremos (.*) no seu (.*)/ passarei (.*) no seu (.*),passaremos o garrote no seu pescoÃ§o,Ã‰ usado para indicar que farÃ¡/deseja fazer/deseja que aconteÃ§a algo contra o alvo,AmeaÃ§a,Imprensa
patÃ©tica,patÃ©tica,Ã‰ usado para desqualificar o alvo,Insulto,Imprensa
patÃ©tica,patÃ©tica,Ã‰ usado para desqualificar o alvo,Insulto,Imprensa
PC,PC,"""AbreviaÃ§Ã£o para o termo â€œpoliticamente corretoâ€*"" (Prado, 2023)",InvalidaÃ§Ã£o,"Prado, M. (2023). Tempestade ideolÃ³gica"
politicamente correto,PC,Ã‰ usado para desqualificar o alvo,InvalidaÃ§Ã£o,"Prado, M. (2023). Tempestade ideolÃ³gica"
colocar (.*) para (.*),pegar um cabo de vassoura e colocar vc pra mamar,Insinua uma aÃ§Ã£o violenta contra o alvo,AmeaÃ§a,Imprensa
mamar,pegar um cabo de vassoura e colocar vc pra mamar,Faz referÃªncia a uma posiÃ§Ã£o sexual,Insulto,Imprensa
pegar um (.*) e te (.*)/pegar um (.*) e colocar vocÃª para (.*),pegar um cabo de vassoura e colocar vc pra mamar,Ã‰ usado para indicar que farÃ¡/deseja fazer/deseja que aconteÃ§a algo contra o alvo,AmeaÃ§a,Imprensa
pegaremos vocÃª/pegarei vocÃª,pegaremos vocÃª logo ao amanhecer,Ã‰ usado para indicar que farÃ¡/deseja fazer/deseja que aconteÃ§a algo contra o alvo,AmeaÃ§a,Imprensa
gostosinha,pelo menos vocÃª Ã© gostosinha,Faz referÃªncia Ã  aparÃªncia do alvo,Insulto,Imprensa
peppa,peppa 2,Faz referÃªncia Ã  aparÃªncia do alvo,Insulto,Imprensa
peppa,peppa pig,Faz referÃªncia Ã  aparÃªncia do alvo,Insulto,Imprensa
Peppa,Peppa pig,Faz referÃªncia Ã  aparÃªncia do alvo,Insulto,Imprensa
(.*) foi sÃ³ o comeÃ§o,perder seu emprego foi sÃ³ o comeÃ§o,"Ã‰ usado para ameaÃ§ar o alvo, indicando que hÃ¡ mais por vir ",AmeaÃ§a,Imprensa
gorda,Perdeu 6 latas de banha e continua gorda,Faz referÃªncia Ã  aparÃªncia do alvo,Insulto,Imprensa
piada,piada essa mulher,Ã‰ usado para desqualificar o alvo,InvalidaÃ§Ã£o,Imprensa
pilantra,pilantra,Questiona a moral do alvo,Insulto,Imprensa
pimba gira / pomba gira/ pombagira,pimba gira,Ã‰ usado para estigmatizar e desumanizar o alvo,Insulto,Imprensa
gorduchinha,pimba na gorduchinha,Faz referÃªncia Ã  aparÃªncia do alvo,Insulto,Imprensa
pimba na (.*),pimba na gorduchinha,Insinua uma aÃ§Ã£o violenta contra o alvo,AmeaÃ§a,Imprensa
pode (.*) a vontade,pode chorar a vontade,Utiliza o sarcasmo para debochar de uma situaÃ§Ã£o na qual o alvo estaria insatisfeito,InvalidaÃ§Ã£o,Imprensa
pode chorar,pode chorar a vontade,Utiliza o sarcasmo para debochar de uma situaÃ§Ã£o na qual o alvo estaria insatisfeito,InvalidaÃ§Ã£o,Imprensa
pode chorar,pode chorar a vontade,Utiliza o sarcasmo para debochar de uma situaÃ§Ã£o na qual o alvo estaria insatisfeito,InvalidaÃ§Ã£o,Imprensa
pomba gira,pomba gira,Ã‰ usado para estigmatizar e desumanizar o alvo,Insulto,Imprensa
porca,porca,Manifesta sentimentos de nojo contra o alvo,Insulto,Imprensa
porcaria,porcaria,Manifesta sentimentos de nojo contra o alvo,Insulto,Imprensa
posso (.*) vocÃª,posso deixar vc mais feio,Ã‰ usado para indicar que farÃ¡/deseja fazer/deseja que aconteÃ§a algo contra o alvo,AmeaÃ§a,Imprensa
poste,poste do Lula,"Insinua que o alvo sÃ³ conseguiu algo devido a um terceiro, geralmente homem.",InvalidaÃ§Ã£o,Imprensa
precisa (.*),precisa transar,Ã‰ usado para indicar que farÃ¡/deseja fazer/deseja que aconteÃ§a algo contra o alvo,InvalidaÃ§Ã£o,Imprensa
prostituta,prostituta,Ã‰ usado para sexualizar o alvo,Insulto,Imprensa
prostituta,prostituta,Ã‰ usado para sexualizar o alvo,Insulto,Imprensa
puta,puta,Ã‰ usado para sexualizar o alvo,Insulto,Imprensa
quando o (.*) jÃ¡ vem pronto/ quando a (.*) jÃ¡ ve pronta,Quando o meme jÃ¡ vem pronto,Ã‰ usado para desqualificar o alvo,InvalidaÃ§Ã£o,Mapa da ViolÃªncia PolÃ­tica de GÃªnero
dar carteirada/ dando carteirada/ deu carteirada,"Que ataque ela sofreu pous nÃ£o vi nenhum? Onde vocÃª estava quando a Dra. Nise e a Dra. Maira foram atacadas e humilhadas pelos senadores otto Alencar, Omar Azis e RogÃ©rio Carvalho sÃ³ vale para a Simone Tebet que estava sim descontrolada e dando carteirada que vergonha. https://t.co/POwPRbe8p2",Ã‰ usado para desqualificar o alvo,CrÃ­tica,Mapa da ViolÃªncia PolÃ­tica de GÃªnero
descontrolada,"Que ataque ela sofreu pous nÃ£o vi nenhum? Onde vocÃª estava quando a Dra. Nise e a Dra. Maira foram atacadas e humilhadas pelos senadores otto Alencar, Omar Azis e RogÃ©rio Carvalho sÃ³ vale para a Simone Tebet que estava sim descontrolada e dando carteirada que vergonha. https://t.co/POwPRbe8p2",Questiona a sanidade do alvo,InvalidaÃ§Ã£o,Mapa da ViolÃªncia PolÃ­tica de GÃªnero
que (.*) ela sofreu,"Que ataque ela sofreu pous nÃ£o vi nenhum? Onde vocÃª estava quando a Dra. Nise e a Dra. Maira foram atacadas e humilhadas pelos senadores otto Alencar, Omar Azis e RogÃ©rio Carvalho sÃ³ vale para a Simone Tebet que estava sim descontrolada e dando carteirada que vergonha. https://t.co/POwPRbe8p2",Ã‰ usado para desqualificar o alvo,InvalidaÃ§Ã£o,Mapa da ViolÃªncia PolÃ­tica de GÃªnero
vergonha,"Que ataque ela sofreu pous nÃ£o vi nenhum? Onde vocÃª estava quando a Dra. Nise e a Dra. Maira foram atacadas e humilhadas pelos senadores otto Alencar, Omar Azis e RogÃ©rio Carvalho sÃ³ vale para a Simone Tebet que estava sim descontrolada e dando carteirada que vergonha. https://t.co/POwPRbe8p2",Ã‰ usado para expressÃ£o descontentamento com as atitudes do alvo,CrÃ­tica,Mapa da ViolÃªncia PolÃ­tica de GÃªnero
vergonha,que vergonha vocÃª Ã© para o MT,Ã‰ usado para expressÃ£o descontentamento com as atitudes do alvo,CrÃ­tica,Imprensa
rabanete,rabanetes,"""Imagens de rabanetes (em inglÃªs, radish) sÃ£o utilizadas para reafirmar a identidade, com orgulho, de ser um radical e, na maioria das vezes, racista. Do latim radix, que significa â€œraizâ€, muitos supremacistas utilizam o â€œrabaneteâ€ para enviarem suas mensagens de forma codificada."" (Prado, 2023)",Discurso de Ã“dio,"Prado, M. (2023). Tempestade ideolÃ³gica"
raÃ§a imunda,raÃ§a imunda,Ã‰ usado como ofensa racista,Discurso de Ã“dio,Imprensa
rapariga,Rapariga,Ã‰ usado para sexualizar o alvo,Insulto,Imprensa
redpilado,redpilado,"""MetÃ¡fora retirada do filme Matrix, a red p ill - pÃ­lula vermelha - se refere â€œao processo de alguÃ©m despertar para a verdade de algum aspecto da realidadeâ€. Criada pelo neorreacionÃ¡rio Mencius Moldbug, a metÃ¡fora ganhou maior destaque no movimento â€œManosphere and Mens Rightsâ€, notavelmente apÃ³s o lanÃ§amento de â€œr/TheRedPillâ€ em outubro de 2012, um subfÃ³rum no site Reddit.com que tem um grau de sobreposiÃ§Ã£o com a alt-right."" (Prado, 2023)",NA,"Prado, M. (2023). Tempestade ideolÃ³gica"
redpill,redpill,"""MetÃ¡fora retirada do filme Matrix, a red p ill - pÃ­lula vermelha - se refere â€œao processo de alguÃ©m despertar para a verdade de algum aspecto da realidadeâ€. Criada pelo neorreacionÃ¡rio Mencius Moldbug, a metÃ¡fora ganhou maior destaque no movimento â€œManosphere and Mens Rightsâ€, notavelmente apÃ³s o lanÃ§amento de â€œr/TheRedPillâ€ em outubro de 2012, um subfÃ³rum no site Reddit.com que tem um grau de sobreposiÃ§Ã£o com a alt-right."" (Prado, 2023)",NA,"Prado, M. (2023). Tempestade ideolÃ³gica"
ridÃ­cula,ridÃ­cula,Xingamento direto contra o alvo,Insulto,Imprensa
ridÃ­cula,ridÃ­cula,Xingamento direto contra o alvo,Insulto,Imprensa
nojenta,sapatona nojenta,Manifesta sentimentos de nojo contra o alvo,Insulto,Imprensa
sapatona,sapatona nojenta,Ã‰ usado como ofensa LGBTQfÃ³bica,Insulto,Imprensa
satanÃ¡s,satanÃ¡s do inferno,Ã‰ usado para estigmatizar e desumanizar o alvo,Insulto,Imprensa
satanista,satanista,Ã‰ usado para estigmatizar e desumanizar o alvo,Insulto,Imprensa
se interna,se interna em uma instituiÃ§Ã£o psiquiÃ¡trica,Questiona a sanidade do alvo,InvalidaÃ§Ã£o,Imprensa
se medica,se medica,Questiona a sanidade do alvo,InvalidaÃ§Ã£o,Imprensa
se trata,se trata,Questiona a sanidade do alvo,InvalidaÃ§Ã£o,Imprensa
se vocÃª nÃ£o (.*) vou (.*),se vocÃªs nÃ£o abandonarem a vida pÃºblica vamos matar vocÃªs com uma bomba e explodir suas casas,"Ã‰ usado para ameaÃ§ar o alvo, indicando que hÃ¡ mais por vir ",AmeaÃ§a,Imprensa
nojo,senhora vc produz nojo,Manifesta sentimentos de nojo contra o alvo,Insulto,Imprensa
acha que ser (.*) Ã© (.*),"ser deputada Ã© mostrar a cor do cabelo, o tom da maquiagem, se a roupa estÃ¡ bonita ou nÃ£o, distribuir sorrisos e dizer que Ã© uma alegria estar aqui",Ã‰ usado para desqualificar o alvo,InvalidaÃ§Ã£o,Imprensa
desprezÃ­vel,Ser desprezÃ­vel,Manifesta sentimentos de nojo contra o alvo,Insulto,Imprensa
levou um fora/ levaste um fora,"SerÃ¡ que na tentativa de ir para a cama com o Carluxo levaste um fora, vamos lÃ¡ conversar, Ã©  muita perseguiÃ§Ã£o, coisa de mulher rejeitada. https://t.co/rdFzQaOB0g",Ã‰ usado para sexualizar o alvo,Insulto,Mapa da ViolÃªncia PolÃ­tica de GÃªnero
rejeitada,"SerÃ¡ que na tentativa de ir para a cama com o Carluxo levaste um fora, vamos lÃ¡ conversar, Ã©  muita perseguiÃ§Ã£o, coisa de mulher rejeitada. https://t.co/rdFzQaOB0g",Ã‰ usado para desqualificar o alvo,Insulto,Mapa da ViolÃªncia PolÃ­tica de GÃªnero
tentou ir pra cama/ tentativa de ir pra cama,"SerÃ¡ que na tentativa de ir para a cama com o Carluxo levaste um fora, vamos lÃ¡ conversar, Ã©  muita perseguiÃ§Ã£o, coisa de mulher rejeitada. https://t.co/rdFzQaOB0g",Ã‰ usado para sexualizar o alvo,Insulto,Mapa da ViolÃªncia PolÃ­tica de GÃªnero
sharia,sharia,"""A â€œsharia brancaâ€ defende a submissÃ£o das mulheres aos moldes da sharia islÃ¢mica* Segundo os propagandistas altrighters como Andrew Anglinâ€”, â€œas mulheres nÃ£o tÃªm o conceito de raÃ§a pois Ã© muito abstrato para seus cÃ©rebros simples. Elas tÃªm o conceito de serem engravidadas pelo macho dominanteâ€. A sharia branca se sobrepÃµe a outros conceitos e teorias do ecossistema da farright, nos quais misturam teorias como â€œgenocÃ­dio brancoâ€, demografia e a aversÃ£o Ã s pautas ligadas ao feminismo: â€œTemos que privar as mulheres do sufrÃ¡gio e da maioria, senÃ£o de todo o poder polÃ­tico, jurÃ­dico e econÃ´micoâ€â€”."" (Prado, 2023)",Discurso de Ã“dio,"Prado, M. (2023). Tempestade ideolÃ³gica"
Guerreiros da JustiÃ§a Social,SJW,"Termo pejorativo utilizado pelos altrighters contra indivÃ­duos, leis e propostas que visam garantir e ampliar a manutenÃ§Ã£o de princÃ­pios liberais basilares como respeito Ã  dignidade humana, proteÃ§Ã£o de minorias, Estado de Direito, separaÃ§Ã£o de poderes e liberdade de imprensa. Tentam atingir aqueles que defendem os princÃ­pios liberais, acusando-os de estarem apenas preocupados com validaÃ§Ã£o pessoal e uma suposta sinalizaÃ§Ã£o de virtude."" (Prado, 2023)",InvalidaÃ§Ã£o,"Prado, M. (2023). Tempestade ideolÃ³gica"
SJW,SJW,"""AbreviaÃ§Ã£o para â€œGuerreiros da JustiÃ§a Socialâ€ (Social Justice Warrior), termo pejorativo utilizado pelos altrighters contra indivÃ­duos, leis e propostas que visam garantir e ampliar a manutenÃ§Ã£o de princÃ­pios liberais basilares como respeito Ã  dignidade humana, proteÃ§Ã£o de minorias, Estado de Direito, separaÃ§Ã£o de poderes e liberdade de imprensa. Tentam atingir aqueles que defendem os princÃ­pios liberais, acusando-os de estarem apenas preocupados com validaÃ§Ã£o pessoal e uma suposta sinalizaÃ§Ã£o de virtude."" (Prado, 2023)",InvalidaÃ§Ã£o,"Prado, M. (2023). Tempestade ideolÃ³gica"
fala merda,sÃ³ fala merda,Insinua que o alvo fala bobeiras,InvalidaÃ§Ã£o,Imprensa
sÃ³ (.*) merda,sÃ³ fala merda,Insinua que o alvo fala bobeiras,InvalidaÃ§Ã£o,Imprensa
preciso de um (.*)/ vou usar um (.*),sÃ³ preciso de um bastÃ£o de aÃ§o e um maÃ§arico,Ã‰ usado para indicar que farÃ¡/deseja fazer/deseja que aconteÃ§a algo contra o alvo,AmeaÃ§a,Imprensa
explodir seu (.*),Sou pedÃ³filo e terrorista assumido e irei explodir seu gabinete com vocÃª dentro se vocÃª nÃ£o renunciar,Insinua uma aÃ§Ã£o violenta contra o alvo,AmeaÃ§a,Imprensa
Sou (.*) e vou (*)/ Sou (.*) e irei (.*),Sou pedÃ³filo e terrorista assumido e irei explodir seu gabinete com vocÃª dentro se vocÃª nÃ£o renunciar,Ã‰ usado para indicar que farÃ¡/deseja fazer/deseja que aconteÃ§a algo contra o alvo,AmeaÃ§a,Imprensa
vou (.*) se vocÃª nÃ£o (.*),Sou pedÃ³filo e terrorista assumido e irei explodir seu gabinete com vocÃª dentro se vocÃª nÃ£o renunciar,"Ã‰ usado para ameaÃ§ar o alvo, indicando que hÃ¡ mais por vir ",AmeaÃ§a,Imprensa
quenga,sua quenga,Ã‰ usado para sexualizar o alvo,Insulto,Imprensa
se vocÃª fosse (.*) jÃ¡ tinha (.*),sua sorte Ã© que vocÃª Ã© mulher se fosse homem jÃ¡ tinha metido a mÃ£o em vocÃª hÃ¡ muito tempo,Ã‰ usado para indicar que farÃ¡/deseja fazer/deseja que aconteÃ§a algo contra o alvo,AmeaÃ§a,Imprensa
sua sorte Ã© que (.*),sua sorte Ã© que vocÃª Ã© mulher se fosse homem jÃ¡ tinha metido a mÃ£o em vocÃª hÃ¡ muito tempo,Ã‰ usado para indicar que farÃ¡/deseja fazer/deseja que aconteÃ§a algo contra o alvo,AmeaÃ§a,Imprensa
vadia,sua vadia,Ã‰ usado para sexualizar o alvo,Insulto,Imprensa
cadelice,"Submissa e surtada , sola da bota de Bolsonaro , conservadora de quais modos , da cadelice ? Aproveite .",Ã‰ usado para sexualizar o alvo,Insulto,Mapa da ViolÃªncia PolÃ­tica de GÃªnero
sola da bota do (.*),"Submissa e surtada , sola da bota de Bolsonaro , conservadora de quais modos , da cadelice ? Aproveite .","Insinua que o alvo sÃ³ conseguiu algo devido a um terceiro, geralmente homem.",InvalidaÃ§Ã£o,Mapa da ViolÃªncia PolÃ­tica de GÃªnero
submissa,"Submissa e surtada , sola da bota de Bolsonaro , conservadora de quais modos , da cadelice ? Aproveite .","Insinua que o alvo sÃ³ conseguiu algo devido a um terceiro, geralmente homem.",Insulto,Mapa da ViolÃªncia PolÃ­tica de GÃªnero
surtada,"Submissa e surtada , sola da bota de Bolsonaro , conservadora de quais modos , da cadelice ? Aproveite .",Questiona a sanidade do alvo,InvalidaÃ§Ã£o,Mapa da ViolÃªncia PolÃ­tica de GÃªnero
batendo biela,tÃ¡ batendo biela,Insinua que o alvo fala bobeiras,InvalidaÃ§Ã£o,Imprensa
TPM,tÃ¡ sofrendo de TPM,Ã‰ usado para desqualificar o alvo,InvalidaÃ§Ã£o,Imprensa
sonhando com ele,tÃ¡ sonhando com ele sÃ³ pode,Ã‰ usado para sexualizar o alvo,InvalidaÃ§Ã£o,Imprensa
Dilmanta,Tai â€˜ porque escolheu a Dilmanta como sua sucessora ! E todo mundo achava que era porque ela assaltava bancos !,Ã‰ usado para desqualificar o alvo,InvalidaÃ§Ã£o,Mapa da ViolÃªncia PolÃ­tica de GÃªnero
tchuchuca,tchuchuca de ladrÃ£o,Ã‰ usado para sexualizar o alvo,Insulto,Imprensa
trocaram absorventes,Tebet e Thronicke trocaram absorventes no debate,Ã‰ usado para estigmatizar e desumanizar o alvo,Insulto,Imprensa
tem tesÃ£o em (.*),Tem tesÃ£o nele,Ã‰ usado para sexualizar o alvo,InvalidaÃ§Ã£o,Imprensa
toda petista Ã© (.*),toda petista Ã© feia pra cacete,Ã‰ usado para desqualificar o alvo,Insulto,Imprensa
toma,TOMA!!!,Utiliza o sarcasmo para debochar de uma situaÃ§Ã£o na qual o alvo estaria insatisfeito,InvalidaÃ§Ã£o,Mapa da ViolÃªncia PolÃ­tica de GÃªnero
traidora,traidora,Questiona a moral do alvo,Insulto,Imprensa
traÃ­ra,traÃ­ra,Questiona a moral do alvo,Insulto,Imprensa
insignificante,traÃ­ra insignificante,Insinua que o alvo Ã© desimportante,InvalidaÃ§Ã£o,Imprensa
peppa,traÃ­ra peppa,Faz referÃªncia Ã  aparÃªncia do alvo,Insulto,Imprensa
traÃ­ra,traÃ­ra peppa,Questiona a moral do alvo,Insulto,Imprensa
quem (.*) acaba,"TraÃ­ra, quem age assim acaba na alÃ§a da mira","Ã‰ usado para ameaÃ§ar o alvo, indicando que hÃ¡ mais por vir",AmeaÃ§a,Mapa da ViolÃªncia PolÃ­tica de GÃªnero
traÃ­ra,"TraÃ­ra, quem age assim acaba na alÃ§a da mira",Questiona a moral do alvo,Insulto,Mapa da ViolÃªncia PolÃ­tica de GÃªnero
tranqueira,tranqueira petista,Ã‰ usado para desqualificar o alvo,Insulto,Imprensa
traveco,traveco,Ã‰ usado como ofensa LGBTQfÃ³bica,Insulto,Imprensa
traveco,traveco nojento,Ã‰ usado como ofensa LGBTQfÃ³bica,Insulto,Imprensa
vaca,vaca,Ã‰ usado para estigmatizar e desumanizar o alvo,Insulto,Imprensa
vagabunda,vagabunda,Ã‰ usado para sexualizar o alvo,Insulto,Imprensa
vai aprender a (.*),vai aprender a lidar com pessoas de testosterona avanÃ§ada,Ã‰ usado para indicar que farÃ¡/deseja fazer/deseja que aconteÃ§a algo contra o alvo,AmeaÃ§a,Imprensa
bariÃ¡trica,vai fazer bariÃ¡trica,Faz referÃªncia Ã  aparÃªncia do alvo,Insulto,Imprensa
vai fazer (.*),vai fazer bariÃ¡trica,Ã‰ usado para indicar que farÃ¡/deseja fazer/deseja que aconteÃ§a algo contra o alvo,Insulto,Imprensa
lavar (.*),vai lavar uma louÃ§a,Ã‰ usado para desqualificar o alvo,InvalidaÃ§Ã£o,Imprensa
vai (.*),vai lavar uma louÃ§a,Ã‰ usado para indicar que farÃ¡/deseja fazer/deseja que aconteÃ§a algo contra o alvo,InvalidaÃ§Ã£o,Imprensa
vai tomar (.*),vai tomar seu remÃ©dio,Ã‰ usado para indicar que farÃ¡/deseja fazer/deseja que aconteÃ§a algo contra o alvo,InvalidaÃ§Ã£o,Imprensa
mar de sangue,vamos afogar o PiauÃ­ e o Brasil inteiro num mar de sangue se for preciso,Insinua uma aÃ§Ã£o violenta contra o alvo,AmeaÃ§a,Imprensa
explodir uma (.*),vamos explodir uma bomba no prÃ³ximo comÃ­cio,Insinua uma aÃ§Ã£o violenta contra o alvo,AmeaÃ§a,Imprensa
decapitar,vamos invadir sua casa de noite e decapitar vocÃª com um facÃ£o,Insinua uma aÃ§Ã£o violenta contra o alvo,AmeaÃ§a,Imprensa
invadir sua (.*),vamos invadir sua casa de noite e decapitar vocÃª com um facÃ£o,Ã‰ usado para indicar que farÃ¡/deseja fazer/deseja que aconteÃ§a algo contra o alvo,AmeaÃ§a,Imprensa
te estuprar/ estuprar (.*),vamos te estuprar e te matar,Insinua uma aÃ§Ã£o violenta contra o alvo,AmeaÃ§a,Imprensa
te matar/ matar (.*),vamos te estuprar e te matar,Insinua uma aÃ§Ã£o violenta contra o alvo,AmeaÃ§a,Imprensa
vou te (.*)/ vamos te (.*),vamos te estuprar e te matar,Ã‰ usado para indicar que farÃ¡/deseja fazer/deseja que aconteÃ§a algo contra o alvo,AmeaÃ§a,Imprensa
vÃ©ia,vÃ©ia,Utiliza a idade para ofender o alvo,InvalidaÃ§Ã£o,Imprensa
velha,velha,Utiliza a idade para ofender o alvo,InvalidaÃ§Ã£o,Imprensa
velha,velha,Utiliza a idade para ofender o alvo,InvalidaÃ§Ã£o,Imprensa
nasceu com (.*),vereador homem pois nasceu com pÃªnis e testÃ­culos,Ã‰ usado como ofensa LGBTQfÃ³bica,Insulto,Imprensa
vergonha,vergonha,Ã‰ usado para expressÃ£o descontentamento com as atitudes do alvo,CrÃ­tica,Imprensa
vergonha,vergonha alheia,Ã‰ usado para expressÃ£o descontentamento com as atitudes do alvo,CrÃ­tica,Imprensa
pilantra,Vigarista  pilantra.,Questiona a moral do alvo,CrÃ­tica,Mapa da ViolÃªncia PolÃ­tica de GÃªnero
vigarista,Vigarista  pilantra.,Questiona a moral do alvo,CrÃ­tica,Mapa da ViolÃªncia PolÃ­tica de GÃªnero
cala sua boca,VocÃª cala sua boca,Indica que o alvo nÃ£o deve se manifestar ou tecer opiniÃµes,InvalidaÃ§Ã£o,Imprensa
doida,vocÃª Ã© doida,Questiona a sanidade do alvo,InvalidaÃ§Ã£o,Imprensa
perigo para a sociedade,vocÃª Ã© um perigo para a sociedade,Ã‰ usado para estigmatizar e desumanizar o alvo,Insulto,Imprensa
piada,vocÃª Ã© uma piada,Ã‰ usado para desqualificar o alvo,InvalidaÃ§Ã£o,Imprensa
vadia,VocÃª Ã© uma vadia,Ã‰ usado para sexualizar o alvo,Insulto,Imprensa
vergonha,vocÃª Ã© uma vergonha,Ã‰ usado para expressÃ£o descontentamento com as atitudes do alvo,CrÃ­tica,Imprensa
vergonha,VocÃª Ã© uma vergonha,Ã‰ usado para expressÃ£o descontentamento com as atitudes do alvo,CrÃ­tica,Imprensa
envergonha,vocÃª envergonha as mulheres,Ã‰ usado para expressÃ£o descontentamento com as atitudes do alvo,CrÃ­tica,Imprensa
seu remedinho,vocÃª esqueceu de tomar seu remedinho,Questiona a sanidade do alvo,InvalidaÃ§Ã£o,Imprensa
vergonha,vocÃª nÃ£o cansa de passar vergonha,Ã‰ usado para expressÃ£o descontentamento com as atitudes do alvo,InvalidaÃ§Ã£o,Imprensa
vocÃª nÃ£o cansa de (*),vocÃª nÃ£o cansa de passar vergonha,Indica que o alvo nÃ£o deve se manifestar ou tecer opiniÃµes,InvalidaÃ§Ã£o,Imprensa
nÃ£o tem vergonha/sem vergonha,vocÃª nÃ£o tem vergonha,Ã‰ usado para expressÃ£o descontentamento com as atitudes do alvo,CrÃ­tica,Imprensa
vocÃª nunca deveria ter (.*)/ vocÃª nÃ£o deveria ter (.*),vocÃª nunca deveria nem ter sido parido de sua mÃ£e,Ã‰ usado para indicar que farÃ¡/deseja fazer/deseja que aconteÃ§a algo contra o alvo,Insulto,Imprensa
VocÃª tem (.*) para (.*),VocÃª tem 90 dias para renunciar,Ã‰ usado para indicar que farÃ¡/deseja fazer/deseja que aconteÃ§a algo contra o alvo,AmeaÃ§a,Imprensa
golpista,"VocÃª tem culpa no cartÃ³rio desta merda que virou Brasil, sua golpista. Deveria ter vergonha na cara. https://t.co/rpkvwalSmv",Questiona a moral do alvo,CrÃ­tica,Mapa da ViolÃªncia PolÃ­tica de GÃªnero
vergonha na cara,"VocÃª tem culpa no cartÃ³rio desta merda que virou Brasil, sua golpista. Deveria ter vergonha na cara. https://t.co/rpkvwalSmv",Ã‰ usado para expressÃ£o descontentamento com as atitudes do alvo,CrÃ­tica,Mapa da ViolÃªncia PolÃ­tica de GÃªnero
vocÃª tem que (.*),vocÃª tem que ser isolado o mais rÃ¡pido possÃ­vel de preferÃªncia em um campo de concentraÃ§Ã£o cheio de porcarias igual vocÃª,Ã‰ usado para indicar que farÃ¡/deseja fazer/deseja que aconteÃ§a algo contra o alvo,AmeaÃ§a,Imprensa
vocÃª tem que (.*) em um campo de concentraÃ§Ã£o,vocÃª tem que ser isolado o mais rÃ¡pido possÃ­vel de preferÃªncia em um campo de concentraÃ§Ã£o cheio de porcarias igual vocÃª,Ã‰ usado em um contexto de apologia ao nazismo,AmeaÃ§a,Imprensa
picolÃ© de menstruaÃ§Ã£o,VocÃª tem um picolÃ© de menstruaÃ§Ã£o que Ã© a MarÃ­lia Arraes,Ã‰ usado para estigmatizar e desumanizar o alvo,Insulto,Imprensa
vocÃª vai (.*)/ vocÃª deve (.*),vocÃª vai morrer,Ã‰ usado para indicar que farÃ¡/deseja fazer/deseja que aconteÃ§a algo contra o alvo,AmeaÃ§a,Imprensa
amarrar (.*),vou amarrar suas mÃ£os atrÃ¡s das costas com enforca gato,Insinua uma aÃ§Ã£o violenta contra o alvo,AmeaÃ§a,Imprensa
amordaÃ§ar (.*),vou amordaÃ§ar sua boca com fita silver tape,Insinua uma aÃ§Ã£o violenta contra o alvo,AmeaÃ§a,Imprensa
arrancar suas roupas,vou arrancar suas roupas e estuprar vocÃª,Insinua uma aÃ§Ã£o violenta contra o alvo,AmeaÃ§a,Imprensa
estuprar vocÃª,vou arrancar suas roupas e estuprar vocÃª,Insinua uma aÃ§Ã£o violenta contra o alvo,AmeaÃ§a,Imprensa
enfiar meu pÃªnis/enfiar o pÃªnis,vou enfiar meu pÃªnis na sua vagina atÃ© o sangue escorrer,Insinua uma aÃ§Ã£o violenta contra o alvo,AmeaÃ§a,Imprensa
sangue escorrer,vou enfiar meu pÃªnis na sua vagina atÃ© o sangue escorrer,Insinua uma aÃ§Ã£o violenta contra o alvo,AmeaÃ§a,Imprensa
jogar gasolina em (.*),vou jogar gasolina no seu corpo imundo e tocar fogo,Insinua uma aÃ§Ã£o violenta contra o alvo,AmeaÃ§a,Imprensa
tocar fogo,vou jogar gasolina no seu corpo imundo e tocar fogo,Insinua uma aÃ§Ã£o violenta contra o alvo,AmeaÃ§a,Imprensa
matar (.*),vou matar sua mÃ£e,Insinua uma aÃ§Ã£o violenta contra o alvo,AmeaÃ§a,Imprensa
te amarrar/ amarrar (.*),vou te amarrar e te estuprar na frente do seu filho,Insinua uma aÃ§Ã£o violenta contra o alvo,AmeaÃ§a,Imprensa
vou te (.*) na frente de (.*)/ vamos te (.*) na frente de (.*),vou te amarrar e te estuprar na frente do seu filho,Ã‰ usado para indicar que farÃ¡/deseja fazer/deseja que aconteÃ§a algo contra o alvo,AmeaÃ§a,Imprensa
arrancar sua pele,vou te dar tanta surra que irei arrancar sua pele,Insinua uma aÃ§Ã£o violenta contra o alvo,AmeaÃ§a,Imprensa
dar uma surra,vou te dar tanta surra que irei arrancar sua pele,Insinua uma aÃ§Ã£o violenta contra o alvo,AmeaÃ§a,Imprensa
vou te (.*),vou te dar tanta surra que irei arrancar sua pele,Ã‰ usado para indicar que farÃ¡/deseja fazer/deseja que aconteÃ§a algo contra o alvo,AmeaÃ§a,Imprensa
vou te (.*),vou te estuprar,Ã‰ usado para indicar que farÃ¡/deseja fazer/deseja que aconteÃ§a algo contra o alvo,AmeaÃ§a,Imprensa
vitimismo,vtnc com seu vitimismo,Ã‰ usado para desqualificar o alvo,InvalidaÃ§Ã£o,Imprensa
vtnc,vtnc com seu vitimismo,Xingamento direto contra o alvo,Insulto,Imprensa